,CLUES,MOTATE,TIPOURGENCIA,YEAR,count
0,DFSSA000053,1.0,1.0,2009,3
1,DFSSA000053,1.0,1.0,2010,1579
2,DFSSA000053,1.0,1.0,2011,1492
3,DFSSA000053,1.0,1.0,2012,1111
4,DFSSA000053,1.0,1.0,2013,1255
5,DFSSA000053,1.0,1.0,2014,1425
6,DFSSA000053,1.0,1.0,2015,3686
7,DFSSA000053,1.0,1.0,2016,4746
8,DFSSA000053,1.0,2.0,2010,39
9,DFSSA000053,1.0,2.0,2011,17
10,DFSSA000053,1.0,2.0,2012,28
11,DFSSA000053,1.0,2.0,2013,16
12,DFSSA000053,1.0,2.0,2014,14
13,DFSSA000053,1.0,2.0,2015,68
14,DFSSA000053,1.0,2.0,2016,9
15,DFSSA000053,1.0,3.0,2009,75
16,DFSSA000053,2.0,1.0,2010,1314
17,DFSSA000053,2.0,1.0,2011,337
18,DFSSA000053,2.0,1.0,2012,23
19,DFSSA000053,2.0,1.0,2013,34
20,DFSSA000053,2.0,1.0,2014,963
21,DFSSA000053,2.0,1.0,2015,79
22,DFSSA000053,2.0,1.0,2016,104
23,DFSSA000053,2.0,2.0,2010,1349
24,DFSSA000053,2.0,2.0,2011,101
25,DFSSA000053,2.0,2.0,2012,32
26,DFSSA000053,2.0,2.0,2013,34
27,DFSSA000053,2.0,2.0,2014,37
28,DFSSA000053,2.0,2.0,2015,59
29,DFSSA000053,2.0,2.0,2016,43
30,DFSSA000053,2.0,3.0,2009,15
31,DFSSA000053,3.0,1.0,2010,1
32,DFSSA000053,3.0,1.0,2011,2
33,DFSSA000053,3.0,1.0,2013,2
34,DFSSA000053,3.0,1.0,2014,1
35,DFSSA000053,3.0,1.0,2015,1
36,DFSSA000053,3.0,2.0,2009,3
37,DFSSA000053,3.0,2.0,2010,8
38,DFSSA000053,3.0,2.0,2012,1
39,DFSSA000053,3.0,2.0,2015,1
40,DFSSA000053,3.0,3.0,2009,52
41,DFSSA000053,4.0,1.0,2009,2710
42,DFSSA000053,4.0,1.0,2010,7336
43,DFSSA000053,4.0,1.0,2011,4846
44,DFSSA000053,4.0,1.0,2012,5835
45,DFSSA000053,4.0,1.0,2013,7893
46,DFSSA000053,4.0,1.0,2014,9348
47,DFSSA000053,4.0,1.0,2015,5005
48,DFSSA000053,4.0,1.0,2016,5755
49,DFSSA000053,4.0,2.0,2009,9
50,DFSSA000053,4.0,2.0,2010,17350
51,DFSSA000053,4.0,2.0,2011,21935
52,DFSSA000053,4.0,2.0,2012,22834
53,DFSSA000053,4.0,2.0,2013,21143
54,DFSSA000053,4.0,2.0,2014,15814
55,DFSSA000053,4.0,2.0,2015,6722
56,DFSSA000053,4.0,2.0,2016,2762
57,DFSSA000053,4.0,3.0,2009,30973
58,DFSSA000053,4.0,9.0,2009,3
59,DFSSA000053,6.0,3.0,2009,8
60,DFSSA000053,7.0,3.0,2009,3
61,DFSSA000053,9.0,1.0,2010,1
62,DFSSA000053,9.0,1.0,2013,5
63,DFSSA000053,9.0,3.0,2009,2
64,DFSSA000065,1.0,1.0,2011,1
65,DFSSA000065,1.0,1.0,2012,1
66,DFSSA000065,1.0,1.0,2013,1
67,DFSSA000065,1.0,1.0,2014,12
68,DFSSA000065,1.0,2.0,2011,1
69,DFSSA000065,1.0,2.0,2013,3
70,DFSSA000065,1.0,2.0,2014,53
71,DFSSA000065,2.0,1.0,2011,18
72,DFSSA000065,2.0,1.0,2012,16
73,DFSSA000065,2.0,1.0,2013,15
74,DFSSA000065,2.0,1.0,2014,6
75,DFSSA000065,2.0,1.0,2015,15
76,DFSSA000065,2.0,1.0,2016,13
77,DFSSA000065,2.0,2.0,2011,108
78,DFSSA000065,2.0,2.0,2012,192
79,DFSSA000065,2.0,2.0,2013,114
80,DFSSA000065,2.0,2.0,2014,31
81,DFSSA000065,2.0,2.0,2015,50
82,DFSSA000065,2.0,2.0,2016,19
83,DFSSA000065,3.0,1.0,2011,1378
84,DFSSA000065,3.0,1.0,2012,2499
85,DFSSA000065,3.0,1.0,2013,1944
86,DFSSA000065,3.0,1.0,2014,889
87,DFSSA000065,3.0,1.0,2015,1243
88,DFSSA000065,3.0,1.0,2016,1832
89,DFSSA000065,3.0,2.0,2011,10038
90,DFSSA000065,3.0,2.0,2012,11777
91,DFSSA000065,3.0,2.0,2013,12570
92,DFSSA000065,3.0,2.0,2014,12142
93,DFSSA000065,3.0,2.0,2015,11998
94,DFSSA000065,3.0,2.0,2016,10605
95,DFSSA000065,4.0,1.0,2011,1
96,DFSSA000065,4.0,1.0,2012,1
97,DFSSA000065,4.0,1.0,2013,2
98,DFSSA000065,4.0,1.0,2014,1
99,DFSSA000065,4.0,2.0,2012,3
100,DFSSA000065,4.0,2.0,2013,2
101,DFSSA000065,4.0,2.0,2014,5
102,DFSSA000065,4.0,2.0,2016,1
103,DFSSA000065,9.0,1.0,2014,1
104,DFSSA000065,9.0,2.0,2013,1
105,DFSSA000065,9.0,2.0,2015,1
106,DFSSA000350,1.0,1.0,2010,893
107,DFSSA000350,1.0,1.0,2011,1868
108,DFSSA000350,1.0,1.0,2012,2852
109,DFSSA000350,1.0,1.0,2013,2506
110,DFSSA000350,1.0,1.0,2014,3701
111,DFSSA000350,1.0,1.0,2015,3825
112,DFSSA000350,1.0,1.0,2016,3162
113,DFSSA000350,1.0,2.0,2010,275
114,DFSSA000350,1.0,2.0,2011,149
115,DFSSA000350,1.0,2.0,2012,248
116,DFSSA000350,1.0,2.0,2013,429
117,DFSSA000350,1.0,2.0,2014,124
118,DFSSA000350,1.0,2.0,2015,322
119,DFSSA000350,1.0,2.0,2016,713
120,DFSSA000350,1.0,9.0,2009,389
121,DFSSA000350,2.0,1.0,2010,3974
122,DFSSA000350,2.0,1.0,2011,1493
123,DFSSA000350,2.0,1.0,2012,1003
124,DFSSA000350,2.0,1.0,2013,972
125,DFSSA000350,2.0,1.0,2014,800
126,DFSSA000350,2.0,1.0,2015,539
127,DFSSA000350,2.0,1.0,2016,16
128,DFSSA000350,2.0,2.0,2010,16216
129,DFSSA000350,2.0,2.0,2011,12414
130,DFSSA000350,2.0,2.0,2012,10883
131,DFSSA000350,2.0,2.0,2013,9508
132,DFSSA000350,2.0,2.0,2014,12102
133,DFSSA000350,2.0,2.0,2015,9554
134,DFSSA000350,2.0,2.0,2016,12096
135,DFSSA000350,2.0,9.0,2009,495
136,DFSSA000350,3.0,1.0,2010,2
137,DFSSA000350,3.0,1.0,2013,1
138,DFSSA000350,3.0,1.0,2016,1
139,DFSSA000350,3.0,2.0,2010,1
140,DFSSA000350,3.0,2.0,2011,3
141,DFSSA000350,3.0,2.0,2012,7
142,DFSSA000350,3.0,2.0,2013,3
143,DFSSA000350,3.0,2.0,2014,1
144,DFSSA000350,3.0,2.0,2015,4
145,DFSSA000350,3.0,2.0,2016,2
146,DFSSA000350,3.0,9.0,2009,41
147,DFSSA000350,4.0,1.0,2009,2
148,DFSSA000350,4.0,1.0,2010,69
149,DFSSA000350,4.0,1.0,2011,229
150,DFSSA000350,4.0,1.0,2012,1926
151,DFSSA000350,4.0,1.0,2013,818
152,DFSSA000350,4.0,1.0,2014,492
153,DFSSA000350,4.0,1.0,2015,160
154,DFSSA000350,4.0,1.0,2016,39
155,DFSSA000350,4.0,2.0,2010,45
156,DFSSA000350,4.0,2.0,2011,346
157,DFSSA000350,4.0,2.0,2012,3085
158,DFSSA000350,4.0,2.0,2013,1315
159,DFSSA000350,4.0,2.0,2014,689
160,DFSSA000350,4.0,2.0,2015,244
161,DFSSA000350,4.0,2.0,2016,113
162,DFSSA000350,4.0,9.0,2009,8345
163,DFSSA000350,6.0,9.0,2009,1
164,DFSSA000350,9.0,1.0,2009,1
165,DFSSA000350,9.0,1.0,2010,3
166,DFSSA000350,9.0,1.0,2011,1
167,DFSSA000350,9.0,1.0,2013,1
168,DFSSA000350,9.0,2.0,2009,1
169,DFSSA000350,9.0,2.0,2010,18
170,DFSSA000350,9.0,2.0,2011,4
171,DFSSA000350,9.0,9.0,2009,10544
172,DFSSA000596,1.0,1.0,2010,8
173,DFSSA000596,1.0,1.0,2011,42
174,DFSSA000596,1.0,1.0,2012,50
175,DFSSA000596,1.0,1.0,2013,54
176,DFSSA000596,1.0,1.0,2014,64
177,DFSSA000596,1.0,1.0,2015,3
178,DFSSA000596,1.0,2.0,2010,6
179,DFSSA000596,1.0,2.0,2011,63
180,DFSSA000596,1.0,2.0,2012,45
181,DFSSA000596,1.0,2.0,2013,79
182,DFSSA000596,1.0,2.0,2014,71
183,DFSSA000596,1.0,3.0,2009,3
184,DFSSA000596,2.0,1.0,2010,40
185,DFSSA000596,2.0,1.0,2011,166
186,DFSSA000596,2.0,1.0,2012,239
187,DFSSA000596,2.0,1.0,2013,345
188,DFSSA000596,2.0,1.0,2014,406
189,DFSSA000596,2.0,1.0,2015,24
190,DFSSA000596,2.0,2.0,2010,220
191,DFSSA000596,2.0,2.0,2011,698
192,DFSSA000596,2.0,2.0,2012,852
193,DFSSA000596,2.0,2.0,2013,446
194,DFSSA000596,2.0,2.0,2014,276
195,DFSSA000596,2.0,2.0,2015,15
196,DFSSA000596,2.0,3.0,2009,1
197,DFSSA000596,3.0,1.0,2010,666
198,DFSSA000596,3.0,1.0,2011,2697
199,DFSSA000596,3.0,1.0,2012,3217
200,DFSSA000596,3.0,1.0,2013,4871
201,DFSSA000596,3.0,1.0,2014,7614
202,DFSSA000596,3.0,1.0,2015,566
203,DFSSA000596,3.0,2.0,2010,4775
204,DFSSA000596,3.0,2.0,2011,7919
205,DFSSA000596,3.0,2.0,2012,5694
206,DFSSA000596,3.0,2.0,2013,5041
207,DFSSA000596,3.0,2.0,2014,4010
208,DFSSA000596,3.0,2.0,2015,412
209,DFSSA000596,3.0,3.0,2009,2
210,DFSSA000596,4.0,1.0,2010,3
211,DFSSA000596,4.0,1.0,2011,27
212,DFSSA000596,4.0,1.0,2012,49
213,DFSSA000596,4.0,1.0,2013,76
214,DFSSA000596,4.0,1.0,2014,63
215,DFSSA000596,4.0,1.0,2015,4
216,DFSSA000596,4.0,2.0,2010,9
217,DFSSA000596,4.0,2.0,2011,106
218,DFSSA000596,4.0,2.0,2012,194
219,DFSSA000596,4.0,2.0,2013,154
220,DFSSA000596,4.0,2.0,2014,75
221,DFSSA000596,4.0,2.0,2015,7
222,DFSSA000596,4.0,3.0,2009,1007
223,DFSSA000596,9.0,1.0,2011,1
224,DFSSA000596,9.0,2.0,2010,1
225,DFSSA000596,9.0,2.0,2012,1
226,DFSSA000596,9.0,2.0,2014,1
227,DFSSA000835,1.0,1.0,2009,1540
228,DFSSA000835,1.0,1.0,2010,1247
229,DFSSA000835,1.0,1.0,2011,765
230,DFSSA000835,1.0,1.0,2012,969
231,DFSSA000835,1.0,1.0,2013,424
232,DFSSA000835,1.0,1.0,2014,303
233,DFSSA000835,1.0,1.0,2015,123
234,DFSSA000835,1.0,1.0,2016,82
235,DFSSA000835,1.0,2.0,2009,8
236,DFSSA000835,1.0,2.0,2010,501
237,DFSSA000835,1.0,2.0,2011,169
238,DFSSA000835,1.0,2.0,2012,207
239,DFSSA000835,1.0,2.0,2013,264
240,DFSSA000835,1.0,2.0,2014,290
241,DFSSA000835,1.0,2.0,2015,762
242,DFSSA000835,1.0,2.0,2016,842
243,DFSSA000835,1.0,3.0,2009,186
244,DFSSA000835,1.0,9.0,2009,71
245,DFSSA000835,2.0,1.0,2009,155
246,DFSSA000835,2.0,1.0,2010,1951
247,DFSSA000835,2.0,1.0,2011,594
248,DFSSA000835,2.0,1.0,2012,372
249,DFSSA000835,2.0,1.0,2013,1281
250,DFSSA000835,2.0,1.0,2014,959
251,DFSSA000835,2.0,1.0,2015,360
252,DFSSA000835,2.0,1.0,2016,342
253,DFSSA000835,2.0,2.0,2009,12
254,DFSSA000835,2.0,2.0,2010,4082
255,DFSSA000835,2.0,2.0,2011,3107
256,DFSSA000835,2.0,2.0,2012,1728
257,DFSSA000835,2.0,2.0,2013,4370
258,DFSSA000835,2.0,2.0,2014,4554
259,DFSSA000835,2.0,2.0,2015,5669
260,DFSSA000835,2.0,2.0,2016,2849
261,DFSSA000835,2.0,3.0,2009,1497
262,DFSSA000835,2.0,9.0,2009,321
263,DFSSA000835,3.0,1.0,2009,28
264,DFSSA000835,3.0,1.0,2010,10
265,DFSSA000835,3.0,1.0,2011,3
266,DFSSA000835,3.0,1.0,2012,1
267,DFSSA000835,3.0,1.0,2013,3
268,DFSSA000835,3.0,1.0,2014,2
269,DFSSA000835,3.0,2.0,2009,4
270,DFSSA000835,3.0,2.0,2010,17
271,DFSSA000835,3.0,2.0,2011,8
272,DFSSA000835,3.0,2.0,2012,10
273,DFSSA000835,3.0,2.0,2013,7
274,DFSSA000835,3.0,2.0,2014,2
275,DFSSA000835,3.0,2.0,2015,7
276,DFSSA000835,3.0,2.0,2016,1
277,DFSSA000835,3.0,3.0,2009,333
278,DFSSA000835,3.0,9.0,2009,82
279,DFSSA000835,4.0,1.0,2009,941
280,DFSSA000835,4.0,1.0,2010,6392
281,DFSSA000835,4.0,1.0,2011,3569
282,DFSSA000835,4.0,1.0,2012,1976
283,DFSSA000835,4.0,1.0,2013,3489
284,DFSSA000835,4.0,1.0,2014,2806
285,DFSSA000835,4.0,1.0,2015,2103
286,DFSSA000835,4.0,1.0,2016,864
287,DFSSA000835,4.0,2.0,2009,39
288,DFSSA000835,4.0,2.0,2010,6333
289,DFSSA000835,4.0,2.0,2011,9808
290,DFSSA000835,4.0,2.0,2012,13070
291,DFSSA000835,4.0,2.0,2013,6562
292,DFSSA000835,4.0,2.0,2014,4328
293,DFSSA000835,4.0,2.0,2015,7400
294,DFSSA000835,4.0,2.0,2016,6293
295,DFSSA000835,4.0,3.0,2009,8136
296,DFSSA000835,4.0,9.0,2009,1494
297,DFSSA000835,5.0,3.0,2009,1
298,DFSSA000835,5.0,9.0,2009,2
299,DFSSA000835,6.0,1.0,2009,1
300,DFSSA000835,6.0,3.0,2009,6
301,DFSSA000835,6.0,9.0,2009,4
302,DFSSA000835,7.0,1.0,2009,9
303,DFSSA000835,7.0,3.0,2009,16
304,DFSSA000835,7.0,9.0,2009,3
305,DFSSA000835,9.0,1.0,2009,548
306,DFSSA000835,9.0,1.0,2010,23
307,DFSSA000835,9.0,1.0,2011,34
308,DFSSA000835,9.0,1.0,2014,1
309,DFSSA000835,9.0,2.0,2009,9
310,DFSSA000835,9.0,2.0,2010,671
311,DFSSA000835,9.0,2.0,2011,189
312,DFSSA000835,9.0,2.0,2012,1
313,DFSSA000835,9.0,2.0,2013,1
314,DFSSA000835,9.0,3.0,2009,2161
315,DFSSA000835,9.0,9.0,2009,5045
316,DFSSA000840,1.0,1.0,2010,4067
317,DFSSA000840,1.0,1.0,2011,3988
318,DFSSA000840,1.0,1.0,2012,1686
319,DFSSA000840,1.0,1.0,2013,3552
320,DFSSA000840,1.0,1.0,2014,472
321,DFSSA000840,1.0,1.0,2015,1360
322,DFSSA000840,1.0,1.0,2016,2375
323,DFSSA000840,1.0,2.0,2010,51
324,DFSSA000840,1.0,2.0,2011,23
325,DFSSA000840,1.0,2.0,2012,39
326,DFSSA000840,1.0,2.0,2013,361
327,DFSSA000840,1.0,2.0,2014,110
328,DFSSA000840,1.0,2.0,2015,424
329,DFSSA000840,1.0,2.0,2016,415
330,DFSSA000840,1.0,3.0,2009,194
331,DFSSA000840,1.0,9.0,2009,111
332,DFSSA000840,2.0,1.0,2010,109
333,DFSSA000840,2.0,1.0,2011,454
334,DFSSA000840,2.0,1.0,2012,17109
335,DFSSA000840,2.0,1.0,2013,910
336,DFSSA000840,2.0,1.0,2014,754
337,DFSSA000840,2.0,1.0,2015,642
338,DFSSA000840,2.0,1.0,2016,287
339,DFSSA000840,2.0,2.0,2009,2
340,DFSSA000840,2.0,2.0,2010,241
341,DFSSA000840,2.0,2.0,2011,50
342,DFSSA000840,2.0,2.0,2012,780
343,DFSSA000840,2.0,2.0,2013,4031
344,DFSSA000840,2.0,2.0,2014,3356
345,DFSSA000840,2.0,2.0,2015,3145
346,DFSSA000840,2.0,2.0,2016,3424
347,DFSSA000840,2.0,3.0,2009,1604
348,DFSSA000840,2.0,9.0,2009,107
349,DFSSA000840,3.0,1.0,2010,1
350,DFSSA000840,3.0,1.0,2011,1
351,DFSSA000840,3.0,1.0,2012,6
352,DFSSA000840,3.0,1.0,2013,3
353,DFSSA000840,3.0,1.0,2014,2
354,DFSSA000840,3.0,2.0,2010,3
355,DFSSA000840,3.0,2.0,2012,2
356,DFSSA000840,3.0,2.0,2013,2
357,DFSSA000840,3.0,2.0,2014,1
358,DFSSA000840,3.0,3.0,2009,436
359,DFSSA000840,3.0,9.0,2009,135
360,DFSSA000840,4.0,1.0,2009,2
361,DFSSA000840,4.0,1.0,2010,12075
362,DFSSA000840,4.0,1.0,2011,13087
363,DFSSA000840,4.0,1.0,2012,351
364,DFSSA000840,4.0,1.0,2013,4669
365,DFSSA000840,4.0,1.0,2014,1359
366,DFSSA000840,4.0,1.0,2015,2506
367,DFSSA000840,4.0,1.0,2016,3333
368,DFSSA000840,4.0,2.0,2009,4
369,DFSSA000840,4.0,2.0,2010,3559
370,DFSSA000840,4.0,2.0,2011,709
371,DFSSA000840,4.0,2.0,2012,1663
372,DFSSA000840,4.0,2.0,2013,12853
373,DFSSA000840,4.0,2.0,2014,17314
374,DFSSA000840,4.0,2.0,2015,16887
375,DFSSA000840,4.0,2.0,2016,12429
376,DFSSA000840,4.0,3.0,2009,6325
377,DFSSA000840,4.0,9.0,2009,13703
378,DFSSA000840,5.0,3.0,2009,1
379,DFSSA000840,5.0,9.0,2009,12
380,DFSSA000840,6.0,3.0,2009,3
381,DFSSA000840,7.0,3.0,2009,2
382,DFSSA000840,7.0,9.0,2009,5
383,DFSSA000840,9.0,1.0,2009,1
384,DFSSA000840,9.0,1.0,2010,44
385,DFSSA000840,9.0,1.0,2011,5
386,DFSSA000840,9.0,2.0,2009,1
387,DFSSA000840,9.0,2.0,2010,10
388,DFSSA000840,9.0,2.0,2013,1
389,DFSSA000840,9.0,3.0,2009,1043
390,DFSSA000840,9.0,9.0,2009,120
391,DFSSA000852,1.0,1.0,2010,54
392,DFSSA000852,1.0,1.0,2011,1
393,DFSSA000852,1.0,1.0,2013,4
394,DFSSA000852,1.0,1.0,2014,4
395,DFSSA000852,1.0,2.0,2010,4
396,DFSSA000852,1.0,2.0,2011,1
397,DFSSA000852,1.0,2.0,2012,4
398,DFSSA000852,1.0,2.0,2014,18
399,DFSSA000852,1.0,2.0,2016,1
400,DFSSA000852,2.0,1.0,2010,40
401,DFSSA000852,2.0,1.0,2012,24
402,DFSSA000852,2.0,1.0,2013,5
403,DFSSA000852,2.0,1.0,2014,16
404,DFSSA000852,2.0,1.0,2016,3
405,DFSSA000852,2.0,2.0,2010,79
406,DFSSA000852,2.0,2.0,2011,72
407,DFSSA000852,2.0,2.0,2012,83
408,DFSSA000852,2.0,2.0,2013,167
409,DFSSA000852,2.0,2.0,2014,450
410,DFSSA000852,2.0,2.0,2015,258
411,DFSSA000852,2.0,2.0,2016,41
412,DFSSA000852,3.0,1.0,2010,1710
413,DFSSA000852,3.0,1.0,2011,1
414,DFSSA000852,3.0,1.0,2013,56
415,DFSSA000852,3.0,1.0,2014,126
416,DFSSA000852,3.0,2.0,2010,2696
417,DFSSA000852,3.0,2.0,2011,31
418,DFSSA000852,3.0,2.0,2012,6972
419,DFSSA000852,3.0,2.0,2013,6806
420,DFSSA000852,3.0,2.0,2014,10517
421,DFSSA000852,3.0,2.0,2015,8211
422,DFSSA000852,3.0,2.0,2016,6177
423,DFSSA000852,4.0,1.0,2010,11
424,DFSSA000852,4.0,1.0,2012,16
425,DFSSA000852,4.0,1.0,2013,3
426,DFSSA000852,4.0,1.0,2014,5
427,DFSSA000852,4.0,2.0,2010,18
428,DFSSA000852,4.0,2.0,2011,2
429,DFSSA000852,4.0,2.0,2012,137
430,DFSSA000852,4.0,2.0,2013,97
431,DFSSA000852,4.0,2.0,2014,28
432,DFSSA000852,4.0,2.0,2015,2
433,DFSSA000852,4.0,2.0,2016,11
434,DFSSA000852,9.0,1.0,2010,6
435,DFSSA000852,9.0,2.0,2010,2
436,DFSSA000852,9.0,2.0,2011,9741
437,DFSSA000852,9.0,2.0,2014,10
438,DFSSA000852,9.0,2.0,2015,3
439,DFSSA000864,1.0,1.0,2011,69
440,DFSSA000864,1.0,1.0,2012,844
441,DFSSA000864,1.0,1.0,2013,807
442,DFSSA000864,1.0,1.0,2014,700
443,DFSSA000864,1.0,1.0,2015,677
444,DFSSA000864,1.0,1.0,2016,417
445,DFSSA000864,1.0,2.0,2011,91
446,DFSSA000864,1.0,2.0,2012,1962
447,DFSSA000864,1.0,2.0,2013,2264
448,DFSSA000864,1.0,2.0,2014,2079
449,DFSSA000864,1.0,2.0,2015,1474
450,DFSSA000864,1.0,2.0,2016,1602
451,DFSSA000864,2.0,1.0,2011,286
452,DFSSA000864,2.0,1.0,2012,2551
453,DFSSA000864,2.0,1.0,2013,3005
454,DFSSA000864,2.0,1.0,2014,3046
455,DFSSA000864,2.0,1.0,2015,3523
456,DFSSA000864,2.0,1.0,2016,2875
457,DFSSA000864,2.0,2.0,2011,975
458,DFSSA000864,2.0,2.0,2012,14761
459,DFSSA000864,2.0,2.0,2013,14763
460,DFSSA000864,2.0,2.0,2014,11591
461,DFSSA000864,2.0,2.0,2015,8225
462,DFSSA000864,2.0,2.0,2016,9238
463,DFSSA000864,3.0,1.0,2011,201
464,DFSSA000864,3.0,1.0,2012,2013
465,DFSSA000864,3.0,1.0,2013,1960
466,DFSSA000864,3.0,1.0,2014,1254
467,DFSSA000864,3.0,1.0,2015,1480
468,DFSSA000864,3.0,1.0,2016,1766
469,DFSSA000864,3.0,2.0,2011,817
470,DFSSA000864,3.0,2.0,2012,10386
471,DFSSA000864,3.0,2.0,2013,10902
472,DFSSA000864,3.0,2.0,2014,9848
473,DFSSA000864,3.0,2.0,2015,9254
474,DFSSA000864,3.0,2.0,2016,8885
475,DFSSA000864,4.0,1.0,2011,1
476,DFSSA000864,4.0,1.0,2012,3
477,DFSSA000864,4.0,1.0,2013,18
478,DFSSA000864,4.0,1.0,2014,14
479,DFSSA000864,4.0,1.0,2015,3
480,DFSSA000864,4.0,2.0,2011,1
481,DFSSA000864,4.0,2.0,2012,51
482,DFSSA000864,4.0,2.0,2013,40
483,DFSSA000864,4.0,2.0,2014,50
484,DFSSA000864,4.0,2.0,2015,3
485,DFSSA000876,1.0,1.0,2012,125
486,DFSSA000876,1.0,1.0,2013,179
487,DFSSA000876,1.0,1.0,2014,372
488,DFSSA000876,1.0,1.0,2015,336
489,DFSSA000876,1.0,1.0,2016,463
490,DFSSA000876,1.0,2.0,2012,153
491,DFSSA000876,1.0,2.0,2013,1044
492,DFSSA000876,1.0,2.0,2014,1441
493,DFSSA000876,1.0,2.0,2015,631
494,DFSSA000876,1.0,2.0,2016,1070
495,DFSSA000876,2.0,1.0,2012,102
496,DFSSA000876,2.0,1.0,2013,216
497,DFSSA000876,2.0,1.0,2014,251
498,DFSSA000876,2.0,1.0,2015,268
499,DFSSA000876,2.0,1.0,2016,241
500,DFSSA000876,2.0,2.0,2012,3179
501,DFSSA000876,2.0,2.0,2013,7345
502,DFSSA000876,2.0,2.0,2014,5544
503,DFSSA000876,2.0,2.0,2015,3264
504,DFSSA000876,2.0,2.0,2016,5228
505,DFSSA000876,3.0,1.0,2014,1
506,DFSSA000876,9.0,2.0,2016,1
507,DFSSA000881,1.0,1.0,2010,344
508,DFSSA000881,1.0,1.0,2011,65
509,DFSSA000881,1.0,1.0,2012,179
510,DFSSA000881,1.0,1.0,2013,3471
511,DFSSA000881,1.0,1.0,2014,5610
512,DFSSA000881,1.0,1.0,2015,1503
513,DFSSA000881,1.0,1.0,2016,578
514,DFSSA000881,1.0,2.0,2010,3412
515,DFSSA000881,1.0,2.0,2011,15086
516,DFSSA000881,1.0,2.0,2012,14268
517,DFSSA000881,1.0,2.0,2013,9767
518,DFSSA000881,1.0,2.0,2014,8700
519,DFSSA000881,1.0,2.0,2015,12622
520,DFSSA000881,1.0,2.0,2016,14481
521,DFSSA000881,1.0,9.0,2009,303
522,DFSSA000881,2.0,1.0,2009,2
523,DFSSA000881,2.0,1.0,2010,13803
524,DFSSA000881,2.0,1.0,2011,417
525,DFSSA000881,2.0,1.0,2012,22
526,DFSSA000881,2.0,1.0,2013,1002
527,DFSSA000881,2.0,1.0,2014,1681
528,DFSSA000881,2.0,1.0,2015,285
529,DFSSA000881,2.0,1.0,2016,51
530,DFSSA000881,2.0,2.0,2009,1
531,DFSSA000881,2.0,2.0,2010,21866
532,DFSSA000881,2.0,2.0,2011,20854
533,DFSSA000881,2.0,2.0,2012,19070
534,DFSSA000881,2.0,2.0,2013,17000
535,DFSSA000881,2.0,2.0,2014,16106
536,DFSSA000881,2.0,2.0,2015,16054
537,DFSSA000881,2.0,2.0,2016,18143
538,DFSSA000881,2.0,3.0,2009,118
539,DFSSA000881,2.0,9.0,2009,4560
540,DFSSA000881,3.0,1.0,2009,1
541,DFSSA000881,3.0,1.0,2010,6
542,DFSSA000881,3.0,1.0,2014,1
543,DFSSA000881,3.0,2.0,2009,1
544,DFSSA000881,3.0,2.0,2010,3951
545,DFSSA000881,3.0,2.0,2011,4026
546,DFSSA000881,3.0,2.0,2012,4278
547,DFSSA000881,3.0,2.0,2013,5124
548,DFSSA000881,3.0,2.0,2014,4892
549,DFSSA000881,3.0,2.0,2015,5028
550,DFSSA000881,3.0,2.0,2016,5014
551,DFSSA000881,3.0,3.0,2009,937
552,DFSSA000881,3.0,9.0,2009,26099
553,DFSSA000881,4.0,3.0,2009,1
554,DFSSA000881,4.0,9.0,2009,107
555,DFSSA000881,5.0,9.0,2009,35
556,DFSSA000881,6.0,3.0,2009,2
557,DFSSA000881,6.0,9.0,2009,5
558,DFSSA000881,7.0,9.0,2009,1
559,DFSSA000881,9.0,1.0,2010,4
560,DFSSA000881,9.0,1.0,2011,1
561,DFSSA000881,9.0,2.0,2009,2
562,DFSSA000881,9.0,2.0,2010,25
563,DFSSA000881,9.0,2.0,2011,5
564,DFSSA000881,9.0,3.0,2009,1
565,DFSSA000881,9.0,9.0,2009,1
566,DFSSA001296,1.0,1.0,2009,160
567,DFSSA001296,1.0,1.0,2010,82
568,DFSSA001296,1.0,1.0,2011,10
569,DFSSA001296,1.0,1.0,2012,57
570,DFSSA001296,1.0,1.0,2013,6
571,DFSSA001296,1.0,1.0,2014,92
572,DFSSA001296,1.0,1.0,2016,8
573,DFSSA001296,1.0,2.0,2009,12
574,DFSSA001296,1.0,2.0,2010,7
575,DFSSA001296,1.0,2.0,2011,36
576,DFSSA001296,1.0,2.0,2012,24
577,DFSSA001296,1.0,2.0,2013,1
578,DFSSA001296,1.0,2.0,2014,39
579,DFSSA001296,1.0,2.0,2016,1
580,DFSSA001296,1.0,3.0,2009,1295
581,DFSSA001296,2.0,1.0,2009,65
582,DFSSA001296,2.0,1.0,2010,47
583,DFSSA001296,2.0,1.0,2011,36
584,DFSSA001296,2.0,1.0,2012,52
585,DFSSA001296,2.0,1.0,2013,90
586,DFSSA001296,2.0,1.0,2014,417
587,DFSSA001296,2.0,1.0,2015,374
588,DFSSA001296,2.0,1.0,2016,81
589,DFSSA001296,2.0,2.0,2009,6
590,DFSSA001296,2.0,2.0,2010,87
591,DFSSA001296,2.0,2.0,2011,121
592,DFSSA001296,2.0,2.0,2012,186
593,DFSSA001296,2.0,2.0,2013,159
594,DFSSA001296,2.0,2.0,2014,1731
595,DFSSA001296,2.0,2.0,2015,1122
596,DFSSA001296,2.0,2.0,2016,547
597,DFSSA001296,2.0,3.0,2009,6801
598,DFSSA001296,2.0,9.0,2009,2
599,DFSSA001296,3.0,1.0,2009,8
600,DFSSA001296,3.0,2.0,2009,3
601,DFSSA001296,3.0,3.0,2009,258
602,DFSSA001296,3.0,9.0,2009,4
603,DFSSA001296,4.0,1.0,2009,369
604,DFSSA001296,4.0,1.0,2010,5043
605,DFSSA001296,4.0,1.0,2011,2127
606,DFSSA001296,4.0,1.0,2012,2958
607,DFSSA001296,4.0,1.0,2013,3331
608,DFSSA001296,4.0,1.0,2014,3920
609,DFSSA001296,4.0,1.0,2015,1847
610,DFSSA001296,4.0,1.0,2016,1000
611,DFSSA001296,4.0,2.0,2009,41
612,DFSSA001296,4.0,2.0,2010,24205
613,DFSSA001296,4.0,2.0,2011,21980
614,DFSSA001296,4.0,2.0,2012,26656
615,DFSSA001296,4.0,2.0,2013,24594
616,DFSSA001296,4.0,2.0,2014,21323
617,DFSSA001296,4.0,2.0,2015,18688
618,DFSSA001296,4.0,2.0,2016,15506
619,DFSSA001296,4.0,3.0,2009,23742
620,DFSSA001296,4.0,9.0,2009,2
621,DFSSA001296,5.0,3.0,2009,1
622,DFSSA001296,6.0,1.0,2009,1
623,DFSSA001296,6.0,3.0,2009,8
624,DFSSA001296,7.0,3.0,2009,21
625,DFSSA001296,9.0,1.0,2009,1
626,DFSSA001296,9.0,3.0,2009,1
627,DFSSA001511,1.0,1.0,2010,5687
628,DFSSA001511,1.0,1.0,2011,4594
629,DFSSA001511,1.0,1.0,2012,6305
630,DFSSA001511,1.0,1.0,2013,6540
631,DFSSA001511,1.0,1.0,2014,5427
632,DFSSA001511,1.0,1.0,2015,6084
633,DFSSA001511,1.0,1.0,2016,4973
634,DFSSA001511,1.0,2.0,2009,1
635,DFSSA001511,1.0,2.0,2010,59
636,DFSSA001511,1.0,2.0,2011,11
637,DFSSA001511,1.0,2.0,2012,42
638,DFSSA001511,1.0,2.0,2013,83
639,DFSSA001511,1.0,2.0,2014,4
640,DFSSA001511,1.0,2.0,2015,1
641,DFSSA001511,1.0,2.0,2016,1
642,DFSSA001511,1.0,3.0,2009,1096
643,DFSSA001511,1.0,9.0,2009,1
644,DFSSA001511,2.0,1.0,2010,39
645,DFSSA001511,2.0,1.0,2011,605
646,DFSSA001511,2.0,1.0,2012,35
647,DFSSA001511,2.0,1.0,2013,41
648,DFSSA001511,2.0,1.0,2014,239
649,DFSSA001511,2.0,1.0,2016,88
650,DFSSA001511,2.0,2.0,2010,45
651,DFSSA001511,2.0,2.0,2011,89
652,DFSSA001511,2.0,2.0,2012,38
653,DFSSA001511,2.0,2.0,2013,54
654,DFSSA001511,2.0,2.0,2014,69
655,DFSSA001511,2.0,2.0,2016,23
656,DFSSA001511,2.0,3.0,2009,5413
657,DFSSA001511,2.0,9.0,2009,1
658,DFSSA001511,3.0,1.0,2011,1
659,DFSSA001511,3.0,1.0,2013,3
660,DFSSA001511,3.0,2.0,2009,1
661,DFSSA001511,3.0,2.0,2011,17
662,DFSSA001511,3.0,2.0,2013,14
663,DFSSA001511,3.0,2.0,2016,1
664,DFSSA001511,3.0,3.0,2009,66
665,DFSSA001511,3.0,9.0,2009,1
666,DFSSA001511,4.0,1.0,2010,2529
667,DFSSA001511,4.0,1.0,2011,2317
668,DFSSA001511,4.0,1.0,2012,2856
669,DFSSA001511,4.0,1.0,2013,3264
670,DFSSA001511,4.0,1.0,2014,1721
671,DFSSA001511,4.0,1.0,2015,2164
672,DFSSA001511,4.0,1.0,2016,1721
673,DFSSA001511,4.0,2.0,2009,2
674,DFSSA001511,4.0,2.0,2010,19348
675,DFSSA001511,4.0,2.0,2011,17263
676,DFSSA001511,4.0,2.0,2012,19038
677,DFSSA001511,4.0,2.0,2013,21039
678,DFSSA001511,4.0,2.0,2014,20877
679,DFSSA001511,4.0,2.0,2015,19882
680,DFSSA001511,4.0,2.0,2016,14317
681,DFSSA001511,4.0,3.0,2009,26716
682,DFSSA001511,5.0,3.0,2009,10
683,DFSSA001511,6.0,3.0,2009,2
684,DFSSA001511,7.0,3.0,2009,1
685,DFSSA001511,9.0,2.0,2011,2
686,DFSSA001511,9.0,2.0,2013,2
687,DFSSA001511,9.0,3.0,2009,1
688,DFSSA001523,1.0,1.0,2011,21
689,DFSSA001523,1.0,1.0,2012,61
690,DFSSA001523,1.0,1.0,2013,29
691,DFSSA001523,1.0,1.0,2014,56
692,DFSSA001523,1.0,1.0,2015,46
693,DFSSA001523,1.0,1.0,2016,63
694,DFSSA001523,1.0,2.0,2011,1
695,DFSSA001523,1.0,2.0,2012,6
696,DFSSA001523,1.0,2.0,2013,1
697,DFSSA001523,1.0,2.0,2014,11
698,DFSSA001523,1.0,2.0,2015,26
699,DFSSA001523,1.0,2.0,2016,19
700,DFSSA001523,2.0,1.0,2011,2
701,DFSSA001523,2.0,1.0,2012,8
702,DFSSA001523,2.0,1.0,2013,13
703,DFSSA001523,2.0,1.0,2014,79
704,DFSSA001523,2.0,1.0,2015,71
705,DFSSA001523,2.0,1.0,2016,40
706,DFSSA001523,2.0,2.0,2011,1
707,DFSSA001523,2.0,2.0,2012,21
708,DFSSA001523,2.0,2.0,2013,3
709,DFSSA001523,2.0,2.0,2014,166
710,DFSSA001523,2.0,2.0,2015,147
711,DFSSA001523,2.0,2.0,2016,124
712,DFSSA001523,9.0,1.0,2012,1
713,DFSSA001523,9.0,2.0,2012,2
714,DFSSA001535,1.0,1.0,2013,5
715,DFSSA001535,1.0,1.0,2014,4
716,DFSSA001535,1.0,1.0,2015,2
717,DFSSA001535,1.0,2.0,2014,7
718,DFSSA001535,1.0,2.0,2015,1
719,DFSSA001535,2.0,1.0,2013,201
720,DFSSA001535,2.0,1.0,2014,326
721,DFSSA001535,2.0,1.0,2015,65
722,DFSSA001535,2.0,1.0,2016,3
723,DFSSA001535,2.0,2.0,2013,343
724,DFSSA001535,2.0,2.0,2014,1188
725,DFSSA001535,2.0,2.0,2015,790
726,DFSSA001535,2.0,2.0,2016,481
727,DFSSA001535,9.0,2.0,2013,1
728,DFSSA001540,1.0,1.0,2011,350
729,DFSSA001540,1.0,1.0,2012,225
730,DFSSA001540,1.0,1.0,2013,4539
731,DFSSA001540,1.0,1.0,2014,2008
732,DFSSA001540,1.0,1.0,2015,1937
733,DFSSA001540,1.0,1.0,2016,2898
734,DFSSA001540,1.0,2.0,2010,1
735,DFSSA001540,1.0,2.0,2011,3
736,DFSSA001540,1.0,2.0,2012,1
737,DFSSA001540,1.0,2.0,2013,106
738,DFSSA001540,1.0,2.0,2014,35
739,DFSSA001540,1.0,2.0,2015,21
740,DFSSA001540,1.0,2.0,2016,29
741,DFSSA001540,1.0,3.0,2009,1150
742,DFSSA001540,1.0,9.0,2009,147
743,DFSSA001540,2.0,1.0,2010,18858
744,DFSSA001540,2.0,1.0,2011,8431
745,DFSSA001540,2.0,1.0,2012,7000
746,DFSSA001540,2.0,1.0,2013,10393
747,DFSSA001540,2.0,1.0,2014,9403
748,DFSSA001540,2.0,1.0,2015,3845
749,DFSSA001540,2.0,1.0,2016,6156
750,DFSSA001540,2.0,2.0,2009,1
751,DFSSA001540,2.0,2.0,2010,781
752,DFSSA001540,2.0,2.0,2011,6363
753,DFSSA001540,2.0,2.0,2012,7014
754,DFSSA001540,2.0,2.0,2013,12111
755,DFSSA001540,2.0,2.0,2014,23181
756,DFSSA001540,2.0,2.0,2015,28215
757,DFSSA001540,2.0,2.0,2016,30949
758,DFSSA001540,2.0,3.0,2009,381
759,DFSSA001540,2.0,9.0,2009,46
760,DFSSA001540,3.0,1.0,2011,7763
761,DFSSA001540,3.0,1.0,2012,8556
762,DFSSA001540,3.0,1.0,2013,14872
763,DFSSA001540,3.0,1.0,2014,13457
764,DFSSA001540,3.0,1.0,2015,12973
765,DFSSA001540,3.0,1.0,2016,16829
766,DFSSA001540,3.0,2.0,2010,1507
767,DFSSA001540,3.0,2.0,2011,41
768,DFSSA001540,3.0,2.0,2012,21
769,DFSSA001540,3.0,2.0,2013,1822
770,DFSSA001540,3.0,2.0,2014,883
771,DFSSA001540,3.0,2.0,2015,142
772,DFSSA001540,3.0,2.0,2016,146
773,DFSSA001540,3.0,3.0,2009,1042
774,DFSSA001540,3.0,9.0,2009,88
775,DFSSA001540,4.0,1.0,2011,61
776,DFSSA001540,4.0,1.0,2012,1
777,DFSSA001540,4.0,1.0,2013,3
778,DFSSA001540,4.0,1.0,2014,1
779,DFSSA001540,4.0,2.0,2009,1
780,DFSSA001540,4.0,2.0,2011,30
781,DFSSA001540,4.0,2.0,2015,1
782,DFSSA001540,4.0,3.0,2009,1599
783,DFSSA001540,4.0,9.0,2009,4075
784,DFSSA001540,5.0,3.0,2009,18
785,DFSSA001540,6.0,3.0,2009,2
786,DFSSA001540,7.0,3.0,2009,1
787,DFSSA001540,7.0,9.0,2009,1
788,DFSSA001540,9.0,2.0,2009,1
789,DFSSA001540,9.0,2.0,2012,1
790,DFSSA001926,1.0,1.0,2010,122
791,DFSSA001926,1.0,1.0,2011,122
792,DFSSA001926,1.0,1.0,2012,344
793,DFSSA001926,1.0,1.0,2013,414
794,DFSSA001926,1.0,1.0,2014,133
795,DFSSA001926,1.0,1.0,2015,73
796,DFSSA001926,1.0,1.0,2016,99
797,DFSSA001926,1.0,2.0,2010,184
798,DFSSA001926,1.0,2.0,2011,534
799,DFSSA001926,1.0,2.0,2012,621
800,DFSSA001926,1.0,2.0,2013,412
801,DFSSA001926,1.0,2.0,2014,341
802,DFSSA001926,1.0,2.0,2015,29
803,DFSSA001926,1.0,2.0,2016,196
804,DFSSA001926,2.0,1.0,2010,392
805,DFSSA001926,2.0,1.0,2011,516
806,DFSSA001926,2.0,1.0,2012,463
807,DFSSA001926,2.0,1.0,2013,463
808,DFSSA001926,2.0,1.0,2014,482
809,DFSSA001926,2.0,1.0,2015,113
810,DFSSA001926,2.0,1.0,2016,50
811,DFSSA001926,2.0,2.0,2010,2094
812,DFSSA001926,2.0,2.0,2011,3468
813,DFSSA001926,2.0,2.0,2012,3684
814,DFSSA001926,2.0,2.0,2013,2779
815,DFSSA001926,2.0,2.0,2014,2698
816,DFSSA001926,2.0,2.0,2015,1193
817,DFSSA001926,2.0,2.0,2016,1272
818,DFSSA001926,3.0,1.0,2010,294
819,DFSSA001926,3.0,1.0,2011,71
820,DFSSA001926,3.0,1.0,2012,1488
821,DFSSA001926,3.0,1.0,2013,1689
822,DFSSA001926,3.0,1.0,2014,2320
823,DFSSA001926,3.0,1.0,2015,1081
824,DFSSA001926,3.0,1.0,2016,1856
825,DFSSA001926,3.0,2.0,2010,3047
826,DFSSA001926,3.0,2.0,2011,4738
827,DFSSA001926,3.0,2.0,2012,3794
828,DFSSA001926,3.0,2.0,2013,5266
829,DFSSA001926,3.0,2.0,2014,5001
830,DFSSA001926,3.0,2.0,2015,3671
831,DFSSA001926,3.0,2.0,2016,3306
832,DFSSA001926,4.0,1.0,2010,53
833,DFSSA001926,4.0,1.0,2011,160
834,DFSSA001926,4.0,1.0,2012,248
835,DFSSA001926,4.0,1.0,2013,194
836,DFSSA001926,4.0,1.0,2014,138
837,DFSSA001926,4.0,1.0,2015,15
838,DFSSA001926,4.0,1.0,2016,7
839,DFSSA001926,4.0,2.0,2010,341
840,DFSSA001926,4.0,2.0,2011,748
841,DFSSA001926,4.0,2.0,2012,1169
842,DFSSA001926,4.0,2.0,2013,733
843,DFSSA001926,4.0,2.0,2014,392
844,DFSSA001926,4.0,2.0,2015,150
845,DFSSA001926,4.0,2.0,2016,114
846,DFSSA001926,9.0,1.0,2012,24
847,DFSSA001926,9.0,1.0,2013,25
848,DFSSA001926,9.0,1.0,2014,1
849,DFSSA001926,9.0,2.0,2012,338
850,DFSSA001926,9.0,2.0,2013,681
851,DFSSA001926,9.0,2.0,2014,19
852,DFSSA002066,1.0,1.0,2009,477
853,DFSSA002066,1.0,1.0,2010,4592
854,DFSSA002066,1.0,1.0,2011,4096
855,DFSSA002066,1.0,1.0,2012,4062
856,DFSSA002066,1.0,1.0,2013,3559
857,DFSSA002066,1.0,1.0,2014,4023
858,DFSSA002066,1.0,1.0,2015,3421
859,DFSSA002066,1.0,1.0,2016,3326
860,DFSSA002066,1.0,2.0,2009,7
861,DFSSA002066,1.0,2.0,2010,214
862,DFSSA002066,1.0,2.0,2011,441
863,DFSSA002066,1.0,2.0,2012,56
864,DFSSA002066,1.0,2.0,2014,11
865,DFSSA002066,1.0,3.0,2009,2447
866,DFSSA002066,1.0,9.0,2009,1
867,DFSSA002066,2.0,1.0,2009,4
868,DFSSA002066,2.0,1.0,2010,2482
869,DFSSA002066,2.0,1.0,2011,3204
870,DFSSA002066,2.0,1.0,2012,2122
871,DFSSA002066,2.0,1.0,2013,1920
872,DFSSA002066,2.0,1.0,2014,2236
873,DFSSA002066,2.0,1.0,2015,2220
874,DFSSA002066,2.0,1.0,2016,2444
875,DFSSA002066,2.0,2.0,2009,3
876,DFSSA002066,2.0,2.0,2010,9973
877,DFSSA002066,2.0,2.0,2011,9449
878,DFSSA002066,2.0,2.0,2012,10120
879,DFSSA002066,2.0,2.0,2013,7303
880,DFSSA002066,2.0,2.0,2014,6806
881,DFSSA002066,2.0,2.0,2015,8103
882,DFSSA002066,2.0,2.0,2016,6752
883,DFSSA002066,2.0,3.0,2009,77
884,DFSSA002066,3.0,1.0,2009,124
885,DFSSA002066,3.0,1.0,2010,3101
886,DFSSA002066,3.0,1.0,2011,3489
887,DFSSA002066,3.0,1.0,2012,1937
888,DFSSA002066,3.0,1.0,2013,2563
889,DFSSA002066,3.0,1.0,2014,2634
890,DFSSA002066,3.0,1.0,2015,2613
891,DFSSA002066,3.0,1.0,2016,1693
892,DFSSA002066,3.0,2.0,2009,7
893,DFSSA002066,3.0,2.0,2010,8270
894,DFSSA002066,3.0,2.0,2011,7387
895,DFSSA002066,3.0,2.0,2012,4268
896,DFSSA002066,3.0,2.0,2013,6123
897,DFSSA002066,3.0,2.0,2014,6031
898,DFSSA002066,3.0,2.0,2015,6101
899,DFSSA002066,3.0,2.0,2016,2976
900,DFSSA002066,3.0,3.0,2009,633
901,DFSSA002066,3.0,9.0,2009,5
902,DFSSA002066,4.0,1.0,2009,1307
903,DFSSA002066,4.0,1.0,2010,253
904,DFSSA002066,4.0,1.0,2011,376
905,DFSSA002066,4.0,1.0,2012,385
906,DFSSA002066,4.0,1.0,2013,539
907,DFSSA002066,4.0,1.0,2014,625
908,DFSSA002066,4.0,1.0,2015,500
909,DFSSA002066,4.0,1.0,2016,571
910,DFSSA002066,4.0,2.0,2009,9
911,DFSSA002066,4.0,2.0,2010,1003
912,DFSSA002066,4.0,2.0,2011,1533
913,DFSSA002066,4.0,2.0,2012,1827
914,DFSSA002066,4.0,2.0,2013,2226
915,DFSSA002066,4.0,2.0,2014,2015
916,DFSSA002066,4.0,2.0,2015,2237
917,DFSSA002066,4.0,2.0,2016,1901
918,DFSSA002066,4.0,3.0,2009,22037
919,DFSSA002066,4.0,9.0,2009,10
920,DFSSA002066,5.0,1.0,2009,18
921,DFSSA002066,5.0,2.0,2009,1
922,DFSSA002066,5.0,3.0,2009,28
923,DFSSA002066,6.0,3.0,2009,7
924,DFSSA002066,6.0,9.0,2009,1
925,DFSSA002066,7.0,1.0,2009,3
926,DFSSA002066,7.0,2.0,2009,1
927,DFSSA002066,9.0,1.0,2010,5
928,DFSSA002066,9.0,2.0,2009,1
929,DFSSA002066,9.0,2.0,2010,3
930,DFSSA002066,9.0,3.0,2009,5
931,DFSSA002066,9.0,9.0,2009,1
932,DFSSA002491,1.0,1.0,2009,3442
933,DFSSA002491,1.0,1.0,2010,70
934,DFSSA002491,1.0,1.0,2011,135
935,DFSSA002491,1.0,1.0,2012,226
936,DFSSA002491,1.0,1.0,2013,149
937,DFSSA002491,1.0,1.0,2014,169
938,DFSSA002491,1.0,1.0,2015,223
939,DFSSA002491,1.0,1.0,2016,169
940,DFSSA002491,1.0,2.0,2009,7
941,DFSSA002491,1.0,2.0,2010,260
942,DFSSA002491,1.0,2.0,2011,289
943,DFSSA002491,1.0,2.0,2012,392
944,DFSSA002491,1.0,2.0,2013,220
945,DFSSA002491,1.0,2.0,2014,439
946,DFSSA002491,1.0,2.0,2015,212
947,DFSSA002491,1.0,2.0,2016,167
948,DFSSA002491,1.0,3.0,2009,1
949,DFSSA002491,1.0,9.0,2009,2
950,DFSSA002491,2.0,1.0,2009,184
951,DFSSA002491,2.0,1.0,2010,133
952,DFSSA002491,2.0,1.0,2011,214
953,DFSSA002491,2.0,1.0,2012,356
954,DFSSA002491,2.0,1.0,2013,304
955,DFSSA002491,2.0,1.0,2014,446
956,DFSSA002491,2.0,1.0,2015,1010
957,DFSSA002491,2.0,1.0,2016,597
958,DFSSA002491,2.0,2.0,2010,894
959,DFSSA002491,2.0,2.0,2011,665
960,DFSSA002491,2.0,2.0,2012,1139
961,DFSSA002491,2.0,2.0,2013,1452
962,DFSSA002491,2.0,2.0,2014,2240
963,DFSSA002491,2.0,2.0,2015,2553
964,DFSSA002491,2.0,2.0,2016,2037
965,DFSSA002491,3.0,1.0,2009,962
966,DFSSA002491,3.0,1.0,2010,385
967,DFSSA002491,3.0,1.0,2011,1419
968,DFSSA002491,3.0,1.0,2012,702
969,DFSSA002491,3.0,1.0,2013,1144
970,DFSSA002491,3.0,1.0,2014,1260
971,DFSSA002491,3.0,1.0,2015,1652
972,DFSSA002491,3.0,1.0,2016,1647
973,DFSSA002491,3.0,2.0,2009,3
974,DFSSA002491,3.0,2.0,2010,9660
975,DFSSA002491,3.0,2.0,2011,6539
976,DFSSA002491,3.0,2.0,2012,3453
977,DFSSA002491,3.0,2.0,2013,5806
978,DFSSA002491,3.0,2.0,2014,3773
979,DFSSA002491,3.0,2.0,2015,3410
980,DFSSA002491,3.0,2.0,2016,2993
981,DFSSA002491,3.0,3.0,2009,1
982,DFSSA002491,4.0,1.0,2009,11250
983,DFSSA002491,4.0,1.0,2010,32
984,DFSSA002491,4.0,1.0,2011,117
985,DFSSA002491,4.0,1.0,2012,207
986,DFSSA002491,4.0,1.0,2013,339
987,DFSSA002491,4.0,1.0,2014,514
988,DFSSA002491,4.0,1.0,2015,814
989,DFSSA002491,4.0,1.0,2016,453
990,DFSSA002491,4.0,2.0,2009,15
991,DFSSA002491,4.0,2.0,2010,78
992,DFSSA002491,4.0,2.0,2011,74
993,DFSSA002491,4.0,2.0,2012,225
994,DFSSA002491,4.0,2.0,2013,743
995,DFSSA002491,4.0,2.0,2014,944
996,DFSSA002491,4.0,2.0,2015,1083
997,DFSSA002491,4.0,2.0,2016,713
998,DFSSA002491,4.0,3.0,2009,5
999,DFSSA002491,4.0,9.0,2009,1
1000,DFSSA002491,5.0,1.0,2009,2
1001,DFSSA002491,6.0,1.0,2009,1
1002,DFSSA002491,6.0,9.0,2009,1
1003,DFSSA002491,7.0,1.0,2009,10
1004,DFSSA002491,9.0,1.0,2012,1
1005,DFSSA002491,9.0,1.0,2013,1
1006,DFSSA002491,9.0,1.0,2014,9
1007,DFSSA002491,9.0,1.0,2015,2
1008,DFSSA002491,9.0,2.0,2010,82
1009,DFSSA002491,9.0,2.0,2011,62
1010,DFSSA002491,9.0,2.0,2012,3
1011,DFSSA002491,9.0,2.0,2013,13
1012,DFSSA002491,9.0,2.0,2014,188
1013,DFSSA002491,9.0,2.0,2015,5
1014,DFSSA002491,9.0,2.0,2016,1
1015,DFSSA002660,1.0,1.0,2009,3
1016,DFSSA002660,1.0,1.0,2010,436
1017,DFSSA002660,1.0,1.0,2011,475
1018,DFSSA002660,1.0,1.0,2012,614
1019,DFSSA002660,1.0,1.0,2013,1112
1020,DFSSA002660,1.0,1.0,2014,1291
1021,DFSSA002660,1.0,1.0,2015,1549
1022,DFSSA002660,1.0,1.0,2016,1597
1023,DFSSA002660,1.0,2.0,2010,67
1024,DFSSA002660,1.0,2.0,2011,92
1025,DFSSA002660,1.0,2.0,2012,48
1026,DFSSA002660,1.0,2.0,2013,173
1027,DFSSA002660,1.0,2.0,2014,49
1028,DFSSA002660,1.0,2.0,2015,4
1029,DFSSA002660,1.0,2.0,2016,1
1030,DFSSA002660,1.0,3.0,2009,5
1031,DFSSA002660,1.0,9.0,2009,25
1032,DFSSA002660,2.0,1.0,2009,32
1033,DFSSA002660,2.0,1.0,2010,1951
1034,DFSSA002660,2.0,1.0,2011,1224
1035,DFSSA002660,2.0,1.0,2012,1596
1036,DFSSA002660,2.0,1.0,2013,1082
1037,DFSSA002660,2.0,1.0,2014,1291
1038,DFSSA002660,2.0,1.0,2015,1368
1039,DFSSA002660,2.0,1.0,2016,1516
1040,DFSSA002660,2.0,2.0,2010,3894
1041,DFSSA002660,2.0,2.0,2011,3862
1042,DFSSA002660,2.0,2.0,2012,5245
1043,DFSSA002660,2.0,2.0,2013,5782
1044,DFSSA002660,2.0,2.0,2014,6433
1045,DFSSA002660,2.0,2.0,2015,5169
1046,DFSSA002660,2.0,2.0,2016,6808
1047,DFSSA002660,2.0,3.0,2009,55
1048,DFSSA002660,2.0,9.0,2009,229
1049,DFSSA002660,3.0,1.0,2009,6
1050,DFSSA002660,3.0,1.0,2010,33
1051,DFSSA002660,3.0,1.0,2011,2465
1052,DFSSA002660,3.0,1.0,2012,1990
1053,DFSSA002660,3.0,1.0,2013,1507
1054,DFSSA002660,3.0,1.0,2014,1681
1055,DFSSA002660,3.0,1.0,2015,1336
1056,DFSSA002660,3.0,1.0,2016,1234
1057,DFSSA002660,3.0,2.0,2010,67
1058,DFSSA002660,3.0,2.0,2011,2883
1059,DFSSA002660,3.0,2.0,2012,5025
1060,DFSSA002660,3.0,2.0,2013,4919
1061,DFSSA002660,3.0,2.0,2014,4990
1062,DFSSA002660,3.0,2.0,2015,4525
1063,DFSSA002660,3.0,2.0,2016,4325
1064,DFSSA002660,3.0,3.0,2009,24
1065,DFSSA002660,3.0,9.0,2009,132
1066,DFSSA002660,4.0,1.0,2009,74
1067,DFSSA002660,4.0,1.0,2010,343
1068,DFSSA002660,4.0,1.0,2011,848
1069,DFSSA002660,4.0,1.0,2012,759
1070,DFSSA002660,4.0,1.0,2013,402
1071,DFSSA002660,4.0,1.0,2014,84
1072,DFSSA002660,4.0,1.0,2015,111
1073,DFSSA002660,4.0,1.0,2016,163
1074,DFSSA002660,4.0,2.0,2009,3
1075,DFSSA002660,4.0,2.0,2010,1177
1076,DFSSA002660,4.0,2.0,2011,2622
1077,DFSSA002660,4.0,2.0,2012,2107
1078,DFSSA002660,4.0,2.0,2013,1610
1079,DFSSA002660,4.0,2.0,2014,281
1080,DFSSA002660,4.0,2.0,2015,275
1081,DFSSA002660,4.0,2.0,2016,385
1082,DFSSA002660,4.0,3.0,2009,1440
1083,DFSSA002660,4.0,9.0,2009,2954
1084,DFSSA002660,6.0,1.0,2009,1
1085,DFSSA002660,6.0,9.0,2009,4
1086,DFSSA002660,7.0,1.0,2009,1
1087,DFSSA002660,9.0,1.0,2009,7
1088,DFSSA002660,9.0,1.0,2010,28
1089,DFSSA002660,9.0,2.0,2010,54
1090,DFSSA002660,9.0,2.0,2011,1
1091,DFSSA002660,9.0,2.0,2012,2
1092,DFSSA002660,9.0,3.0,2009,18
1093,DFSSA002660,9.0,9.0,2009,979
1094,DFSSA002672,1.0,1.0,2013,7
1095,DFSSA002672,1.0,1.0,2014,2
1096,DFSSA002672,1.0,2.0,2013,2
1097,DFSSA002672,2.0,1.0,2013,60
1098,DFSSA002672,2.0,1.0,2014,64
1099,DFSSA002672,2.0,1.0,2015,176
1100,DFSSA002672,2.0,1.0,2016,87
1101,DFSSA002672,2.0,2.0,2013,21
1102,DFSSA002672,2.0,2.0,2014,328
1103,DFSSA002672,2.0,2.0,2015,151
1104,DFSSA002672,2.0,2.0,2016,183
1105,DFSSA002672,3.0,1.0,2013,1
1106,DFSSA002672,3.0,1.0,2014,2
1107,DFSSA002672,3.0,2.0,2014,4
1108,DFSSA002672,3.0,2.0,2016,5
1109,DFSSA002923,1.0,1.0,2012,1
1110,DFSSA002923,1.0,2.0,2012,4
1111,DFSSA002923,1.0,2.0,2013,4
1112,DFSSA002923,1.0,2.0,2016,2
1113,DFSSA002923,2.0,1.0,2011,230
1114,DFSSA002923,2.0,1.0,2012,270
1115,DFSSA002923,2.0,1.0,2013,457
1116,DFSSA002923,2.0,1.0,2014,493
1117,DFSSA002923,2.0,1.0,2015,374
1118,DFSSA002923,2.0,1.0,2016,134
1119,DFSSA002923,2.0,2.0,2011,46
1120,DFSSA002923,2.0,2.0,2012,509
1121,DFSSA002923,2.0,2.0,2013,455
1122,DFSSA002923,2.0,2.0,2014,522
1123,DFSSA002923,2.0,2.0,2015,778
1124,DFSSA002923,2.0,2.0,2016,1370
1125,DFSSA002935,1.0,1.0,2012,3
1126,DFSSA002935,1.0,1.0,2013,6
1127,DFSSA002935,1.0,1.0,2014,9
1128,DFSSA002935,1.0,1.0,2015,12
1129,DFSSA002935,1.0,1.0,2016,23
1130,DFSSA002935,1.0,2.0,2012,1
1131,DFSSA002935,1.0,2.0,2013,7
1132,DFSSA002935,1.0,2.0,2014,1
1133,DFSSA002935,1.0,2.0,2015,9
1134,DFSSA002935,1.0,2.0,2016,1
1135,DFSSA002935,2.0,1.0,2012,19
1136,DFSSA002935,2.0,1.0,2013,10
1137,DFSSA002935,2.0,1.0,2014,27
1138,DFSSA002935,2.0,1.0,2015,24
1139,DFSSA002935,2.0,1.0,2016,6
1140,DFSSA002935,2.0,2.0,2012,9
1141,DFSSA002935,2.0,2.0,2013,14
1142,DFSSA002935,2.0,2.0,2014,49
1143,DFSSA002935,2.0,2.0,2015,12
1144,DFSSA002993,1.0,1.0,2010,2612
1145,DFSSA002993,1.0,1.0,2011,1362
1146,DFSSA002993,1.0,1.0,2012,1762
1147,DFSSA002993,1.0,1.0,2013,376
1148,DFSSA002993,1.0,1.0,2014,179
1149,DFSSA002993,1.0,1.0,2015,77
1150,DFSSA002993,1.0,1.0,2016,64
1151,DFSSA002993,1.0,2.0,2010,2805
1152,DFSSA002993,1.0,2.0,2011,1667
1153,DFSSA002993,1.0,2.0,2012,2956
1154,DFSSA002993,1.0,2.0,2013,907
1155,DFSSA002993,1.0,2.0,2014,19
1156,DFSSA002993,1.0,2.0,2015,15
1157,DFSSA002993,1.0,2.0,2016,8
1158,DFSSA002993,1.0,3.0,2009,1755
1159,DFSSA002993,1.0,9.0,2009,1
1160,DFSSA002993,2.0,1.0,2010,18
1161,DFSSA002993,2.0,1.0,2011,199
1162,DFSSA002993,2.0,1.0,2012,2
1163,DFSSA002993,2.0,1.0,2013,51
1164,DFSSA002993,2.0,1.0,2014,371
1165,DFSSA002993,2.0,1.0,2015,159
1166,DFSSA002993,2.0,1.0,2016,85
1167,DFSSA002993,2.0,2.0,2010,1112
1168,DFSSA002993,2.0,2.0,2011,832
1169,DFSSA002993,2.0,2.0,2012,1210
1170,DFSSA002993,2.0,2.0,2013,5183
1171,DFSSA002993,2.0,2.0,2014,2722
1172,DFSSA002993,2.0,2.0,2015,2056
1173,DFSSA002993,2.0,2.0,2016,781
1174,DFSSA002993,2.0,3.0,2009,71
1175,DFSSA002993,2.0,9.0,2009,1
1176,DFSSA002993,3.0,1.0,2010,243
1177,DFSSA002993,3.0,1.0,2011,104
1178,DFSSA002993,3.0,1.0,2012,177
1179,DFSSA002993,3.0,1.0,2013,752
1180,DFSSA002993,3.0,1.0,2014,8709
1181,DFSSA002993,3.0,1.0,2015,3597
1182,DFSSA002993,3.0,1.0,2016,2281
1183,DFSSA002993,3.0,2.0,2010,8407
1184,DFSSA002993,3.0,2.0,2011,3600
1185,DFSSA002993,3.0,2.0,2012,2214
1186,DFSSA002993,3.0,2.0,2013,8110
1187,DFSSA002993,3.0,2.0,2014,1432
1188,DFSSA002993,3.0,2.0,2015,3556
1189,DFSSA002993,3.0,2.0,2016,3492
1190,DFSSA002993,3.0,3.0,2009,689
1191,DFSSA002993,3.0,9.0,2009,12
1192,DFSSA002993,4.0,1.0,2010,158
1193,DFSSA002993,4.0,1.0,2011,51
1194,DFSSA002993,4.0,1.0,2012,62
1195,DFSSA002993,4.0,1.0,2013,128
1196,DFSSA002993,4.0,1.0,2014,1598
1197,DFSSA002993,4.0,1.0,2015,239
1198,DFSSA002993,4.0,1.0,2016,132
1199,DFSSA002993,4.0,2.0,2009,1
1200,DFSSA002993,4.0,2.0,2010,15346
1201,DFSSA002993,4.0,2.0,2011,10835
1202,DFSSA002993,4.0,2.0,2012,14695
1203,DFSSA002993,4.0,2.0,2013,11785
1204,DFSSA002993,4.0,2.0,2014,9485
1205,DFSSA002993,4.0,2.0,2015,8322
1206,DFSSA002993,4.0,2.0,2016,11195
1207,DFSSA002993,4.0,3.0,2009,30733
1208,DFSSA002993,4.0,9.0,2009,14
1209,DFSSA002993,5.0,3.0,2009,2
1210,DFSSA002993,6.0,3.0,2009,9
1211,DFSSA002993,7.0,3.0,2009,3
1212,DFSSA002993,9.0,2.0,2009,1
1213,DFSSA002993,9.0,2.0,2013,1
1214,DFSSA002993,9.0,2.0,2016,1
1215,DFSSA002993,9.0,3.0,2009,3
1216,DFSSA002993,9.0,9.0,2009,2
1217,DFSSA003005,1.0,1.0,2015,4
1218,DFSSA003005,1.0,1.0,2016,34
1219,DFSSA003005,1.0,2.0,2014,12
1220,DFSSA003005,1.0,2.0,2015,6
1221,DFSSA003005,1.0,2.0,2016,136
1222,DFSSA003005,2.0,1.0,2014,1
1223,DFSSA003005,2.0,1.0,2015,7
1224,DFSSA003005,2.0,1.0,2016,4
1225,DFSSA003005,2.0,2.0,2014,1621
1226,DFSSA003005,2.0,2.0,2015,1141
1227,DFSSA003005,2.0,2.0,2016,1551
1228,DFSSA003005,9.0,2.0,2014,70
1229,DFSSA003162,1.0,1.0,2009,32
1230,DFSSA003162,1.0,1.0,2010,1520
1231,DFSSA003162,1.0,1.0,2011,1217
1232,DFSSA003162,1.0,1.0,2012,1763
1233,DFSSA003162,1.0,1.0,2013,1166
1234,DFSSA003162,1.0,1.0,2014,773
1235,DFSSA003162,1.0,1.0,2015,1615
1236,DFSSA003162,1.0,1.0,2016,1040
1237,DFSSA003162,1.0,2.0,2009,5
1238,DFSSA003162,1.0,2.0,2010,3048
1239,DFSSA003162,1.0,2.0,2011,3488
1240,DFSSA003162,1.0,2.0,2012,15251
1241,DFSSA003162,1.0,2.0,2013,16257
1242,DFSSA003162,1.0,2.0,2014,12990
1243,DFSSA003162,1.0,2.0,2015,11284
1244,DFSSA003162,1.0,2.0,2016,13180
1245,DFSSA003162,1.0,3.0,2009,10
1246,DFSSA003162,1.0,9.0,2009,1
1247,DFSSA003162,2.0,1.0,2009,52
1248,DFSSA003162,2.0,1.0,2010,753
1249,DFSSA003162,2.0,1.0,2011,1277
1250,DFSSA003162,2.0,1.0,2012,2741
1251,DFSSA003162,2.0,1.0,2013,1896
1252,DFSSA003162,2.0,1.0,2014,1860
1253,DFSSA003162,2.0,1.0,2015,2280
1254,DFSSA003162,2.0,1.0,2016,2871
1255,DFSSA003162,2.0,2.0,2010,2116
1256,DFSSA003162,2.0,2.0,2011,3078
1257,DFSSA003162,2.0,2.0,2012,10287
1258,DFSSA003162,2.0,2.0,2013,14143
1259,DFSSA003162,2.0,2.0,2014,18534
1260,DFSSA003162,2.0,2.0,2015,16990
1261,DFSSA003162,2.0,2.0,2016,14445
1262,DFSSA003162,2.0,3.0,2009,335
1263,DFSSA003162,3.0,1.0,2009,15
1264,DFSSA003162,3.0,1.0,2012,8
1265,DFSSA003162,3.0,1.0,2013,126
1266,DFSSA003162,3.0,1.0,2014,2
1267,DFSSA003162,3.0,1.0,2015,1
1268,DFSSA003162,3.0,2.0,2010,2
1269,DFSSA003162,3.0,2.0,2011,2
1270,DFSSA003162,3.0,2.0,2012,6
1271,DFSSA003162,3.0,2.0,2013,435
1272,DFSSA003162,3.0,2.0,2014,10
1273,DFSSA003162,3.0,2.0,2015,5
1274,DFSSA003162,3.0,2.0,2016,6
1275,DFSSA003162,3.0,3.0,2009,59
1276,DFSSA003162,4.0,1.0,2009,704
1277,DFSSA003162,4.0,2.0,2009,2
1278,DFSSA003162,4.0,3.0,2009,5393
1279,DFSSA003162,4.0,9.0,2009,5
1280,DFSSA003162,5.0,1.0,2009,8
1281,DFSSA003162,5.0,2.0,2009,10
1282,DFSSA003162,5.0,3.0,2009,1
1283,DFSSA003162,6.0,1.0,2009,4
1284,DFSSA003162,6.0,3.0,2009,3
1285,DFSSA003162,7.0,1.0,2009,33
1286,DFSSA003162,7.0,3.0,2009,22
1287,DFSSA003162,7.0,9.0,2009,1
1288,DFSSA003162,9.0,1.0,2009,3
1289,DFSSA003162,9.0,1.0,2010,3
1290,DFSSA003162,9.0,1.0,2012,15
1291,DFSSA003162,9.0,1.0,2013,5
1292,DFSSA003162,9.0,1.0,2014,1
1293,DFSSA003162,9.0,2.0,2010,2
1294,DFSSA003162,9.0,2.0,2012,365
1295,DFSSA003162,9.0,2.0,2013,94
1296,DFSSA003162,9.0,2.0,2014,3
1297,DFSSA003162,9.0,2.0,2015,3
1298,DFSSA003162,9.0,2.0,2016,1
1299,DFSSA003162,9.0,3.0,2009,11
1300,DFSSA003162,9.0,9.0,2009,427
1301,DFSSA003372,1.0,1.0,2010,25
1302,DFSSA003372,1.0,1.0,2011,179
1303,DFSSA003372,1.0,1.0,2012,2
1304,DFSSA003372,1.0,1.0,2013,1
1305,DFSSA003372,1.0,1.0,2016,2
1306,DFSSA003372,1.0,2.0,2010,2
1307,DFSSA003372,1.0,2.0,2011,48
1308,DFSSA003372,1.0,2.0,2012,2
1309,DFSSA003372,1.0,2.0,2013,5
1310,DFSSA003372,1.0,2.0,2014,2
1311,DFSSA003372,2.0,1.0,2010,30
1312,DFSSA003372,2.0,1.0,2011,191
1313,DFSSA003372,2.0,1.0,2012,72
1314,DFSSA003372,2.0,1.0,2013,105
1315,DFSSA003372,2.0,1.0,2014,50
1316,DFSSA003372,2.0,1.0,2015,21
1317,DFSSA003372,2.0,1.0,2016,106
1318,DFSSA003372,2.0,2.0,2010,110
1319,DFSSA003372,2.0,2.0,2011,79
1320,DFSSA003372,2.0,2.0,2012,2307
1321,DFSSA003372,2.0,2.0,2013,2067
1322,DFSSA003372,2.0,2.0,2014,1472
1323,DFSSA003372,2.0,2.0,2015,601
1324,DFSSA003372,2.0,2.0,2016,865
1325,DFSSA003372,3.0,1.0,2010,1
1326,DFSSA003372,3.0,1.0,2012,2
1327,DFSSA003372,3.0,1.0,2013,1
1328,DFSSA003372,3.0,1.0,2014,3
1329,DFSSA003372,3.0,1.0,2016,1
1330,DFSSA003372,3.0,2.0,2010,5
1331,DFSSA003372,3.0,2.0,2011,4
1332,DFSSA003372,3.0,2.0,2012,5
1333,DFSSA003372,3.0,2.0,2013,3
1334,DFSSA003372,3.0,2.0,2014,2
1335,DFSSA003372,3.0,2.0,2016,2
1336,DFSSA003372,4.0,1.0,2010,239
1337,DFSSA003372,4.0,1.0,2011,1155
1338,DFSSA003372,4.0,1.0,2012,322
1339,DFSSA003372,4.0,1.0,2013,425
1340,DFSSA003372,4.0,1.0,2014,845
1341,DFSSA003372,4.0,1.0,2015,559
1342,DFSSA003372,4.0,1.0,2016,1229
1343,DFSSA003372,4.0,2.0,2010,15835
1344,DFSSA003372,4.0,2.0,2011,18287
1345,DFSSA003372,4.0,2.0,2012,18490
1346,DFSSA003372,4.0,2.0,2013,18461
1347,DFSSA003372,4.0,2.0,2014,19977
1348,DFSSA003372,4.0,2.0,2015,14018
1349,DFSSA003372,4.0,2.0,2016,15360
1350,DFSSA003372,9.0,2.0,2014,1
1351,DFSSA003372,9.0,2.0,2016,6
1352,DFSSA003384,1.0,1.0,2009,17
1353,DFSSA003384,1.0,1.0,2010,442
1354,DFSSA003384,1.0,1.0,2011,571
1355,DFSSA003384,1.0,1.0,2012,133
1356,DFSSA003384,1.0,1.0,2013,1037
1357,DFSSA003384,1.0,1.0,2014,1646
1358,DFSSA003384,1.0,1.0,2015,957
1359,DFSSA003384,1.0,1.0,2016,3
1360,DFSSA003384,1.0,2.0,2010,2220
1361,DFSSA003384,1.0,2.0,2011,1992
1362,DFSSA003384,1.0,2.0,2012,2741
1363,DFSSA003384,1.0,2.0,2013,1527
1364,DFSSA003384,1.0,2.0,2014,1540
1365,DFSSA003384,1.0,2.0,2015,3274
1366,DFSSA003384,1.0,2.0,2016,1950
1367,DFSSA003384,1.0,3.0,2009,112
1368,DFSSA003384,1.0,9.0,2009,1465
1369,DFSSA003384,2.0,1.0,2009,1
1370,DFSSA003384,2.0,1.0,2010,1693
1371,DFSSA003384,2.0,1.0,2011,2065
1372,DFSSA003384,2.0,1.0,2012,816
1373,DFSSA003384,2.0,1.0,2013,1881
1374,DFSSA003384,2.0,1.0,2014,4304
1375,DFSSA003384,2.0,1.0,2015,2931
1376,DFSSA003384,2.0,1.0,2016,2724
1377,DFSSA003384,2.0,2.0,2010,11218
1378,DFSSA003384,2.0,2.0,2011,14354
1379,DFSSA003384,2.0,2.0,2012,17688
1380,DFSSA003384,2.0,2.0,2013,18774
1381,DFSSA003384,2.0,2.0,2014,17994
1382,DFSSA003384,2.0,2.0,2015,19774
1383,DFSSA003384,2.0,2.0,2016,20707
1384,DFSSA003384,2.0,3.0,2009,1610
1385,DFSSA003384,2.0,9.0,2009,2
1386,DFSSA003384,3.0,1.0,2009,4
1387,DFSSA003384,3.0,1.0,2010,621
1388,DFSSA003384,3.0,1.0,2011,726
1389,DFSSA003384,3.0,1.0,2012,82
1390,DFSSA003384,3.0,1.0,2013,504
1391,DFSSA003384,3.0,1.0,2014,994
1392,DFSSA003384,3.0,1.0,2015,876
1393,DFSSA003384,3.0,1.0,2016,862
1394,DFSSA003384,3.0,2.0,2010,1734
1395,DFSSA003384,3.0,2.0,2011,1753
1396,DFSSA003384,3.0,2.0,2012,2567
1397,DFSSA003384,3.0,2.0,2013,3063
1398,DFSSA003384,3.0,2.0,2014,2029
1399,DFSSA003384,3.0,2.0,2015,2415
1400,DFSSA003384,3.0,2.0,2016,1908
1401,DFSSA003384,3.0,3.0,2009,6796
1402,DFSSA003384,3.0,9.0,2009,5
1403,DFSSA003384,4.0,1.0,2009,5
1404,DFSSA003384,4.0,1.0,2010,4
1405,DFSSA003384,4.0,1.0,2011,1
1406,DFSSA003384,4.0,2.0,2010,9
1407,DFSSA003384,4.0,2.0,2014,3
1408,DFSSA003384,4.0,3.0,2009,6080
1409,DFSSA003384,4.0,9.0,2009,5
1410,DFSSA003384,5.0,3.0,2009,12
1411,DFSSA003384,6.0,3.0,2009,4
1412,DFSSA003384,7.0,3.0,2009,3
1413,DFSSA003384,9.0,1.0,2009,7
1414,DFSSA003384,9.0,1.0,2010,1
1415,DFSSA003384,9.0,2.0,2010,1
1416,DFSSA003384,9.0,3.0,2009,13
1417,DFSSA003384,9.0,9.0,2009,25
1418,DFSSA003536,1.0,1.0,2012,244
1419,DFSSA003536,1.0,1.0,2013,241
1420,DFSSA003536,1.0,1.0,2014,692
1421,DFSSA003536,1.0,1.0,2015,3447
1422,DFSSA003536,1.0,1.0,2016,673
1423,DFSSA003536,1.0,2.0,2012,131
1424,DFSSA003536,1.0,2.0,2013,22
1425,DFSSA003536,1.0,2.0,2014,188
1426,DFSSA003536,1.0,2.0,2015,99
1427,DFSSA003536,1.0,2.0,2016,255
1428,DFSSA003536,2.0,1.0,2012,357
1429,DFSSA003536,2.0,1.0,2013,151
1430,DFSSA003536,2.0,1.0,2014,956
1431,DFSSA003536,2.0,1.0,2015,1094
1432,DFSSA003536,2.0,1.0,2016,2152
1433,DFSSA003536,2.0,2.0,2012,1601
1434,DFSSA003536,2.0,2.0,2013,361
1435,DFSSA003536,2.0,2.0,2014,1164
1436,DFSSA003536,2.0,2.0,2015,7108
1437,DFSSA003536,2.0,2.0,2016,4791
1438,DFSSA003536,3.0,1.0,2012,2
1439,DFSSA003536,3.0,1.0,2013,1
1440,DFSSA003536,3.0,1.0,2014,4
1441,DFSSA003536,3.0,1.0,2015,10
1442,DFSSA003536,3.0,1.0,2016,13
1443,DFSSA003536,3.0,2.0,2012,3
1444,DFSSA003536,3.0,2.0,2013,2
1445,DFSSA003536,3.0,2.0,2014,5
1446,DFSSA003536,3.0,2.0,2015,17
1447,DFSSA003536,3.0,2.0,2016,22
1448,DFSSA003536,4.0,1.0,2012,702
1449,DFSSA003536,4.0,1.0,2013,482
1450,DFSSA003536,4.0,1.0,2014,3562
1451,DFSSA003536,4.0,1.0,2015,2225
1452,DFSSA003536,4.0,1.0,2016,1755
1453,DFSSA003536,4.0,2.0,2012,4442
1454,DFSSA003536,4.0,2.0,2013,7630
1455,DFSSA003536,4.0,2.0,2014,4584
1456,DFSSA003536,4.0,2.0,2015,1430
1457,DFSSA003536,4.0,2.0,2016,3893
1458,DFSSA003536,9.0,1.0,2014,1
1459,DFSSA003536,9.0,1.0,2015,1
1460,DFSSA003536,9.0,2.0,2016,1
1461,DFSSA003541,1.0,1.0,2009,780
1462,DFSSA003541,1.0,1.0,2010,842
1463,DFSSA003541,1.0,1.0,2011,940
1464,DFSSA003541,1.0,1.0,2012,663
1465,DFSSA003541,1.0,1.0,2013,468
1466,DFSSA003541,1.0,1.0,2014,468
1467,DFSSA003541,1.0,1.0,2015,377
1468,DFSSA003541,1.0,1.0,2016,221
1469,DFSSA003541,1.0,2.0,2009,9
1470,DFSSA003541,1.0,2.0,2010,221
1471,DFSSA003541,1.0,2.0,2011,352
1472,DFSSA003541,1.0,2.0,2012,541
1473,DFSSA003541,1.0,2.0,2013,271
1474,DFSSA003541,1.0,2.0,2014,97
1475,DFSSA003541,1.0,2.0,2015,39
1476,DFSSA003541,1.0,2.0,2016,27
1477,DFSSA003541,1.0,3.0,2009,27
1478,DFSSA003541,1.0,9.0,2009,10
1479,DFSSA003541,2.0,1.0,2009,31
1480,DFSSA003541,2.0,1.0,2010,458
1481,DFSSA003541,2.0,1.0,2011,344
1482,DFSSA003541,2.0,1.0,2012,94
1483,DFSSA003541,2.0,1.0,2013,532
1484,DFSSA003541,2.0,1.0,2014,802
1485,DFSSA003541,2.0,1.0,2015,174
1486,DFSSA003541,2.0,1.0,2016,297
1487,DFSSA003541,2.0,2.0,2009,7
1488,DFSSA003541,2.0,2.0,2010,2857
1489,DFSSA003541,2.0,2.0,2011,1528
1490,DFSSA003541,2.0,2.0,2012,872
1491,DFSSA003541,2.0,2.0,2013,1435
1492,DFSSA003541,2.0,2.0,2014,629
1493,DFSSA003541,2.0,2.0,2015,379
1494,DFSSA003541,2.0,2.0,2016,2359
1495,DFSSA003541,2.0,3.0,2009,2306
1496,DFSSA003541,2.0,9.0,2009,90
1497,DFSSA003541,3.0,1.0,2009,14
1498,DFSSA003541,3.0,1.0,2011,1
1499,DFSSA003541,3.0,1.0,2012,2
1500,DFSSA003541,3.0,1.0,2013,1
1501,DFSSA003541,3.0,2.0,2009,7
1502,DFSSA003541,3.0,2.0,2010,4
1503,DFSSA003541,3.0,2.0,2011,1
1504,DFSSA003541,3.0,2.0,2012,1
1505,DFSSA003541,3.0,2.0,2013,1
1506,DFSSA003541,3.0,3.0,2009,430
1507,DFSSA003541,3.0,9.0,2009,8
1508,DFSSA003541,4.0,1.0,2009,107
1509,DFSSA003541,4.0,1.0,2010,2056
1510,DFSSA003541,4.0,1.0,2011,1535
1511,DFSSA003541,4.0,1.0,2012,3074
1512,DFSSA003541,4.0,1.0,2013,1169
1513,DFSSA003541,4.0,1.0,2014,2286
1514,DFSSA003541,4.0,1.0,2015,2096
1515,DFSSA003541,4.0,1.0,2016,3524
1516,DFSSA003541,4.0,2.0,2009,4
1517,DFSSA003541,4.0,2.0,2010,7598
1518,DFSSA003541,4.0,2.0,2011,10281
1519,DFSSA003541,4.0,2.0,2012,10659
1520,DFSSA003541,4.0,2.0,2013,9571
1521,DFSSA003541,4.0,2.0,2014,9438
1522,DFSSA003541,4.0,2.0,2015,6699
1523,DFSSA003541,4.0,2.0,2016,9278
1524,DFSSA003541,4.0,3.0,2009,8690
1525,DFSSA003541,4.0,9.0,2009,254
1526,DFSSA003541,5.0,3.0,2009,1
1527,DFSSA003541,6.0,1.0,2009,5
1528,DFSSA003541,6.0,2.0,2009,2
1529,DFSSA003541,6.0,3.0,2009,15
1530,DFSSA003541,6.0,9.0,2009,1
1531,DFSSA003541,7.0,1.0,2009,4
1532,DFSSA003541,7.0,3.0,2009,14
1533,DFSSA003541,9.0,1.0,2009,5
1534,DFSSA003541,9.0,1.0,2010,1
1535,DFSSA003541,9.0,2.0,2009,1
1536,DFSSA003541,9.0,2.0,2010,1
1537,DFSSA003541,9.0,3.0,2009,1
1538,DFSSA003541,9.0,9.0,2009,8
1539,DFSSA003553,1.0,1.0,2009,16423
1540,DFSSA003553,1.0,1.0,2010,10365
1541,DFSSA003553,1.0,1.0,2011,5813
1542,DFSSA003553,1.0,1.0,2012,11294
1543,DFSSA003553,1.0,1.0,2013,16395
1544,DFSSA003553,1.0,1.0,2014,7270
1545,DFSSA003553,1.0,1.0,2015,6657
1546,DFSSA003553,1.0,1.0,2016,8096
1547,DFSSA003553,1.0,2.0,2009,78
1548,DFSSA003553,1.0,2.0,2010,6569
1549,DFSSA003553,1.0,2.0,2011,4256
1550,DFSSA003553,1.0,2.0,2012,4740
1551,DFSSA003553,1.0,2.0,2013,5787
1552,DFSSA003553,1.0,2.0,2014,9482
1553,DFSSA003553,1.0,2.0,2015,7695
1554,DFSSA003553,1.0,2.0,2016,9720
1555,DFSSA003553,1.0,3.0,2009,113
1556,DFSSA003553,1.0,9.0,2009,5
1557,DFSSA003553,2.0,1.0,2009,3834
1558,DFSSA003553,2.0,1.0,2010,6417
1559,DFSSA003553,2.0,1.0,2011,14260
1560,DFSSA003553,2.0,1.0,2012,7123
1561,DFSSA003553,2.0,1.0,2013,1654
1562,DFSSA003553,2.0,1.0,2014,10646
1563,DFSSA003553,2.0,1.0,2015,2588
1564,DFSSA003553,2.0,1.0,2016,1317
1565,DFSSA003553,2.0,2.0,2009,658
1566,DFSSA003553,2.0,2.0,2010,7136
1567,DFSSA003553,2.0,2.0,2011,7383
1568,DFSSA003553,2.0,2.0,2012,13717
1569,DFSSA003553,2.0,2.0,2013,13346
1570,DFSSA003553,2.0,2.0,2014,15144
1571,DFSSA003553,2.0,2.0,2015,24523
1572,DFSSA003553,2.0,2.0,2016,24872
1573,DFSSA003553,2.0,3.0,2009,11350
1574,DFSSA003553,2.0,9.0,2009,9
1575,DFSSA003553,3.0,1.0,2009,206
1576,DFSSA003553,3.0,1.0,2010,59
1577,DFSSA003553,3.0,1.0,2011,99
1578,DFSSA003553,3.0,1.0,2012,96
1579,DFSSA003553,3.0,1.0,2013,85
1580,DFSSA003553,3.0,1.0,2014,42
1581,DFSSA003553,3.0,1.0,2015,20
1582,DFSSA003553,3.0,1.0,2016,25
1583,DFSSA003553,3.0,2.0,2009,24
1584,DFSSA003553,3.0,2.0,2010,31
1585,DFSSA003553,3.0,2.0,2011,28
1586,DFSSA003553,3.0,2.0,2012,29
1587,DFSSA003553,3.0,2.0,2013,56
1588,DFSSA003553,3.0,2.0,2014,56
1589,DFSSA003553,3.0,2.0,2015,13
1590,DFSSA003553,3.0,2.0,2016,18
1591,DFSSA003553,3.0,3.0,2009,6
1592,DFSSA003553,4.0,1.0,2009,2337
1593,DFSSA003553,4.0,1.0,2010,3
1594,DFSSA003553,4.0,1.0,2011,2
1595,DFSSA003553,4.0,1.0,2014,1
1596,DFSSA003553,4.0,1.0,2016,1
1597,DFSSA003553,4.0,2.0,2009,98
1598,DFSSA003553,4.0,2.0,2010,2
1599,DFSSA003553,4.0,2.0,2011,1
1600,DFSSA003553,4.0,2.0,2015,2
1601,DFSSA003553,4.0,3.0,2009,484
1602,DFSSA003553,4.0,9.0,2009,3
1603,DFSSA003553,5.0,1.0,2009,10
1604,DFSSA003553,5.0,3.0,2009,4
1605,DFSSA003553,6.0,1.0,2009,1
1606,DFSSA003553,6.0,2.0,2009,1
1607,DFSSA003553,7.0,1.0,2009,17
1608,DFSSA003553,7.0,3.0,2009,3
1609,DFSSA003553,9.0,1.0,2009,4
1610,DFSSA003553,9.0,1.0,2010,1848
1611,DFSSA003553,9.0,1.0,2011,1293
1612,DFSSA003553,9.0,1.0,2012,642
1613,DFSSA003553,9.0,1.0,2013,154
1614,DFSSA003553,9.0,1.0,2014,119
1615,DFSSA003553,9.0,1.0,2015,15
1616,DFSSA003553,9.0,1.0,2016,2
1617,DFSSA003553,9.0,2.0,2009,5
1618,DFSSA003553,9.0,2.0,2010,8168
1619,DFSSA003553,9.0,2.0,2011,10797
1620,DFSSA003553,9.0,2.0,2012,9869
1621,DFSSA003553,9.0,2.0,2013,10532
1622,DFSSA003553,9.0,2.0,2014,6956
1623,DFSSA003553,9.0,2.0,2015,1185
1624,DFSSA003553,9.0,2.0,2016,5
1625,DFSSA003553,9.0,3.0,2009,1
1626,DFSSA003664,1.0,1.0,2011,6
1627,DFSSA003664,1.0,1.0,2012,2
1628,DFSSA003664,1.0,1.0,2013,1
1629,DFSSA003664,1.0,1.0,2015,2
1630,DFSSA003664,1.0,1.0,2016,2
1631,DFSSA003664,1.0,2.0,2011,4
1632,DFSSA003664,1.0,2.0,2012,3
1633,DFSSA003664,1.0,2.0,2013,2
1634,DFSSA003664,1.0,2.0,2015,1
1635,DFSSA003664,2.0,1.0,2010,651
1636,DFSSA003664,2.0,1.0,2011,1442
1637,DFSSA003664,2.0,1.0,2012,1453
1638,DFSSA003664,2.0,1.0,2013,1740
1639,DFSSA003664,2.0,1.0,2014,2861
1640,DFSSA003664,2.0,1.0,2015,3954
1641,DFSSA003664,2.0,1.0,2016,3472
1642,DFSSA003664,2.0,2.0,2010,1
1643,DFSSA003664,2.0,2.0,2011,1
1644,DFSSA003664,2.0,2.0,2012,3
1645,DFSSA003664,2.0,2.0,2013,223
1646,DFSSA003664,2.0,2.0,2014,2575
1647,DFSSA003664,2.0,2.0,2015,2972
1648,DFSSA003664,2.0,2.0,2016,3637
1649,DFSSA003664,3.0,1.0,2014,2
1650,DFSSA003664,3.0,2.0,2014,1
1651,DFSSA003664,3.0,2.0,2015,1
1652,DFSSA003664,3.0,2.0,2016,1
1653,DFSSA003664,4.0,2.0,2014,1
1654,DFSSA003664,4.0,2.0,2015,1
1655,DFSSA003664,9.0,1.0,2013,1
1656,DFSSA003664,9.0,1.0,2014,9
1657,DFSSA003664,9.0,1.0,2015,4
1658,DFSSA003664,9.0,2.0,2014,13
1659,DFSSA003664,9.0,2.0,2015,1
1660,DFSSA003664,9.0,2.0,2016,3
1661,DFSSA003705,1.0,1.0,2010,3
1662,DFSSA003705,1.0,1.0,2014,2
1663,DFSSA003705,1.0,2.0,2009,1
1664,DFSSA003705,1.0,2.0,2010,10
1665,DFSSA003705,1.0,2.0,2014,10
1666,DFSSA003705,1.0,3.0,2009,3820
1667,DFSSA003705,1.0,9.0,2009,2
1668,DFSSA003705,2.0,1.0,2010,115
1669,DFSSA003705,2.0,1.0,2011,27
1670,DFSSA003705,2.0,1.0,2012,4
1671,DFSSA003705,2.0,1.0,2014,1
1672,DFSSA003705,2.0,1.0,2015,2
1673,DFSSA003705,2.0,1.0,2016,2
1674,DFSSA003705,2.0,2.0,2010,51
1675,DFSSA003705,2.0,2.0,2011,29
1676,DFSSA003705,2.0,2.0,2012,8
1677,DFSSA003705,2.0,2.0,2013,7
1678,DFSSA003705,2.0,2.0,2014,12
1679,DFSSA003705,2.0,2.0,2015,3
1680,DFSSA003705,2.0,2.0,2016,29
1681,DFSSA003705,2.0,3.0,2009,620
1682,DFSSA003705,3.0,1.0,2009,1
1683,DFSSA003705,3.0,1.0,2010,3802
1684,DFSSA003705,3.0,1.0,2011,5249
1685,DFSSA003705,3.0,1.0,2012,4912
1686,DFSSA003705,3.0,1.0,2013,1555
1687,DFSSA003705,3.0,1.0,2014,1786
1688,DFSSA003705,3.0,1.0,2015,1806
1689,DFSSA003705,3.0,1.0,2016,3706
1690,DFSSA003705,3.0,2.0,2010,20143
1691,DFSSA003705,3.0,2.0,2011,15154
1692,DFSSA003705,3.0,2.0,2012,13209
1693,DFSSA003705,3.0,2.0,2013,9948
1694,DFSSA003705,3.0,2.0,2014,9558
1695,DFSSA003705,3.0,2.0,2015,8062
1696,DFSSA003705,3.0,2.0,2016,12121
1697,DFSSA003705,3.0,3.0,2009,698
1698,DFSSA003705,3.0,9.0,2009,4
1699,DFSSA003705,4.0,1.0,2009,2
1700,DFSSA003705,4.0,1.0,2014,3
1701,DFSSA003705,4.0,1.0,2015,1
1702,DFSSA003705,4.0,2.0,2009,2
1703,DFSSA003705,4.0,2.0,2013,2
1704,DFSSA003705,4.0,2.0,2014,16
1705,DFSSA003705,4.0,2.0,2015,6
1706,DFSSA003705,4.0,2.0,2016,4
1707,DFSSA003705,4.0,3.0,2009,9762
1708,DFSSA003705,4.0,9.0,2009,4
1709,DFSSA003705,5.0,3.0,2009,8
1710,DFSSA003705,6.0,3.0,2009,2
1711,DFSSA003705,7.0,3.0,2009,25
1712,DFSSA003705,7.0,9.0,2009,1
1713,DFSSA003705,9.0,1.0,2009,1
1714,DFSSA003705,9.0,1.0,2010,1
1715,DFSSA003705,9.0,1.0,2011,1
1716,DFSSA003705,9.0,3.0,2009,3891
1717,DFSSA003705,9.0,9.0,2009,3
1718,DFSSA003710,1.0,1.0,2010,1
1719,DFSSA003710,1.0,1.0,2011,1355
1720,DFSSA003710,1.0,1.0,2012,11
1721,DFSSA003710,1.0,1.0,2013,7
1722,DFSSA003710,1.0,1.0,2014,1
1723,DFSSA003710,1.0,1.0,2015,8
1724,DFSSA003710,1.0,1.0,2016,32
1725,DFSSA003710,1.0,2.0,2010,2
1726,DFSSA003710,1.0,2.0,2011,242
1727,DFSSA003710,1.0,2.0,2012,5
1728,DFSSA003710,1.0,2.0,2013,14
1729,DFSSA003710,1.0,2.0,2014,5
1730,DFSSA003710,1.0,2.0,2015,29
1731,DFSSA003710,1.0,2.0,2016,670
1732,DFSSA003710,2.0,1.0,2010,505
1733,DFSSA003710,2.0,1.0,2011,1281
1734,DFSSA003710,2.0,1.0,2012,15
1735,DFSSA003710,2.0,1.0,2013,5
1736,DFSSA003710,2.0,1.0,2014,3
1737,DFSSA003710,2.0,1.0,2015,10
1738,DFSSA003710,2.0,1.0,2016,3
1739,DFSSA003710,2.0,2.0,2010,3
1740,DFSSA003710,2.0,2.0,2011,2547
1741,DFSSA003710,2.0,2.0,2012,32
1742,DFSSA003710,2.0,2.0,2013,31
1743,DFSSA003710,2.0,2.0,2014,18
1744,DFSSA003710,2.0,2.0,2015,22
1745,DFSSA003710,2.0,2.0,2016,24
1746,DFSSA003710,3.0,1.0,2011,1
1747,DFSSA003710,3.0,1.0,2012,1
1748,DFSSA003710,3.0,1.0,2013,1
1749,DFSSA003710,3.0,2.0,2011,2
1750,DFSSA003710,3.0,2.0,2012,3
1751,DFSSA003710,3.0,2.0,2013,1
1752,DFSSA003710,3.0,2.0,2015,1
1753,DFSSA003710,4.0,1.0,2010,1
1754,DFSSA003710,4.0,1.0,2011,1321
1755,DFSSA003710,4.0,1.0,2012,6959
1756,DFSSA003710,4.0,1.0,2013,1865
1757,DFSSA003710,4.0,1.0,2014,789
1758,DFSSA003710,4.0,1.0,2015,685
1759,DFSSA003710,4.0,1.0,2016,366
1760,DFSSA003710,4.0,2.0,2009,1
1761,DFSSA003710,4.0,2.0,2011,7917
1762,DFSSA003710,4.0,2.0,2012,15375
1763,DFSSA003710,4.0,2.0,2013,17575
1764,DFSSA003710,4.0,2.0,2014,19590
1765,DFSSA003710,4.0,2.0,2015,17531
1766,DFSSA003710,4.0,2.0,2016,18689
1767,DFSSA003710,4.0,9.0,2009,489
1768,DFSSA003710,9.0,1.0,2011,2
1769,DFSSA003710,9.0,1.0,2012,2
1770,DFSSA003710,9.0,1.0,2013,14
1771,DFSSA003710,9.0,1.0,2014,2
1772,DFSSA003710,9.0,2.0,2011,6
1773,DFSSA003710,9.0,2.0,2013,4
1774,DFSSA003710,9.0,2.0,2014,1
1775,DFSSA003710,9.0,2.0,2015,2
1776,DFSSA003710,9.0,2.0,2016,5
1777,DFSSA003722,1.0,1.0,2010,2
1778,DFSSA003722,1.0,1.0,2012,6541
1779,DFSSA003722,1.0,1.0,2013,1710
1780,DFSSA003722,1.0,1.0,2014,12418
1781,DFSSA003722,1.0,1.0,2016,1
1782,DFSSA003722,1.0,2.0,2010,9
1783,DFSSA003722,1.0,2.0,2011,2
1784,DFSSA003722,1.0,2.0,2012,738
1785,DFSSA003722,1.0,2.0,2013,2
1786,DFSSA003722,1.0,2.0,2014,10634
1787,DFSSA003722,1.0,2.0,2015,2
1788,DFSSA003722,1.0,9.0,2009,2943
1789,DFSSA003722,2.0,1.0,2010,2
1790,DFSSA003722,2.0,1.0,2011,2
1791,DFSSA003722,2.0,1.0,2012,7365
1792,DFSSA003722,2.0,1.0,2013,1735
1793,DFSSA003722,2.0,1.0,2014,4
1794,DFSSA003722,2.0,1.0,2015,9
1795,DFSSA003722,2.0,1.0,2016,2
1796,DFSSA003722,2.0,2.0,2010,25
1797,DFSSA003722,2.0,2.0,2011,23
1798,DFSSA003722,2.0,2.0,2012,2925
1799,DFSSA003722,2.0,2.0,2013,164
1800,DFSSA003722,2.0,2.0,2014,25
1801,DFSSA003722,2.0,2.0,2015,2
1802,DFSSA003722,2.0,2.0,2016,4
1803,DFSSA003722,2.0,9.0,2009,18
1804,DFSSA003722,3.0,1.0,2010,128
1805,DFSSA003722,3.0,1.0,2011,155
1806,DFSSA003722,3.0,1.0,2012,1542
1807,DFSSA003722,3.0,1.0,2013,1348
1808,DFSSA003722,3.0,1.0,2014,985
1809,DFSSA003722,3.0,1.0,2015,1063
1810,DFSSA003722,3.0,1.0,2016,318
1811,DFSSA003722,3.0,2.0,2010,474
1812,DFSSA003722,3.0,2.0,2011,7
1813,DFSSA003722,3.0,2.0,2012,1440
1814,DFSSA003722,3.0,2.0,2013,2357
1815,DFSSA003722,3.0,2.0,2014,2528
1816,DFSSA003722,3.0,2.0,2015,2887
1817,DFSSA003722,3.0,2.0,2016,1664
1818,DFSSA003722,3.0,9.0,2009,151
1819,DFSSA003722,4.0,1.0,2009,1
1820,DFSSA003722,4.0,1.0,2014,1
1821,DFSSA003722,4.0,2.0,2010,2
1822,DFSSA003722,4.0,2.0,2014,3
1823,DFSSA003722,4.0,9.0,2009,44757
1824,DFSSA003722,5.0,9.0,2009,152
1825,DFSSA003722,6.0,9.0,2009,332
1826,DFSSA003722,7.0,9.0,2009,185
1827,DFSSA003722,9.0,1.0,2010,4028
1828,DFSSA003722,9.0,1.0,2011,2654
1829,DFSSA003722,9.0,1.0,2012,5893
1830,DFSSA003722,9.0,1.0,2013,16332
1831,DFSSA003722,9.0,1.0,2014,6482
1832,DFSSA003722,9.0,1.0,2015,17918
1833,DFSSA003722,9.0,1.0,2016,23433
1834,DFSSA003722,9.0,2.0,2010,47943
1835,DFSSA003722,9.0,2.0,2011,47821
1836,DFSSA003722,9.0,2.0,2012,28547
1837,DFSSA003722,9.0,2.0,2013,31087
1838,DFSSA003722,9.0,2.0,2014,25817
1839,DFSSA003722,9.0,2.0,2015,34516
1840,DFSSA003722,9.0,2.0,2016,33237
1841,DFSSA003722,9.0,9.0,2009,388
1842,DFSSA003944,1.0,1.0,2009,3130
1843,DFSSA003944,1.0,1.0,2010,2611
1844,DFSSA003944,1.0,1.0,2011,1509
1845,DFSSA003944,1.0,1.0,2012,4713
1846,DFSSA003944,1.0,1.0,2013,5052
1847,DFSSA003944,1.0,1.0,2014,5424
1848,DFSSA003944,1.0,1.0,2015,7831
1849,DFSSA003944,1.0,1.0,2016,9262
1850,DFSSA003944,1.0,2.0,2009,63
1851,DFSSA003944,1.0,2.0,2010,1368
1852,DFSSA003944,1.0,2.0,2011,1359
1853,DFSSA003944,1.0,2.0,2012,312
1854,DFSSA003944,1.0,2.0,2013,10
1855,DFSSA003944,1.0,2.0,2014,18
1856,DFSSA003944,1.0,2.0,2015,12
1857,DFSSA003944,1.0,2.0,2016,27
1858,DFSSA003944,1.0,3.0,2009,950
1859,DFSSA003944,1.0,9.0,2009,561
1860,DFSSA003944,2.0,1.0,2009,698
1861,DFSSA003944,2.0,1.0,2010,4772
1862,DFSSA003944,2.0,1.0,2011,5828
1863,DFSSA003944,2.0,1.0,2012,7406
1864,DFSSA003944,2.0,1.0,2013,3407
1865,DFSSA003944,2.0,1.0,2014,5743
1866,DFSSA003944,2.0,1.0,2015,3475
1867,DFSSA003944,2.0,1.0,2016,6934
1868,DFSSA003944,2.0,2.0,2009,98
1869,DFSSA003944,2.0,2.0,2010,4679
1870,DFSSA003944,2.0,2.0,2011,5147
1871,DFSSA003944,2.0,2.0,2012,9987
1872,DFSSA003944,2.0,2.0,2013,14890
1873,DFSSA003944,2.0,2.0,2014,14070
1874,DFSSA003944,2.0,2.0,2015,25371
1875,DFSSA003944,2.0,2.0,2016,26608
1876,DFSSA003944,2.0,3.0,2009,3513
1877,DFSSA003944,2.0,9.0,2009,941
1878,DFSSA003944,3.0,1.0,2009,146
1879,DFSSA003944,3.0,1.0,2010,3494
1880,DFSSA003944,3.0,1.0,2011,3804
1881,DFSSA003944,3.0,1.0,2012,4703
1882,DFSSA003944,3.0,1.0,2013,2253
1883,DFSSA003944,3.0,1.0,2014,2505
1884,DFSSA003944,3.0,1.0,2015,3072
1885,DFSSA003944,3.0,1.0,2016,849
1886,DFSSA003944,3.0,2.0,2009,39
1887,DFSSA003944,3.0,2.0,2010,4509
1888,DFSSA003944,3.0,2.0,2011,3047
1889,DFSSA003944,3.0,2.0,2012,1604
1890,DFSSA003944,3.0,2.0,2013,3788
1891,DFSSA003944,3.0,2.0,2014,2656
1892,DFSSA003944,3.0,2.0,2015,2925
1893,DFSSA003944,3.0,2.0,2016,5869
1894,DFSSA003944,3.0,3.0,2009,377
1895,DFSSA003944,3.0,9.0,2009,113
1896,DFSSA003944,4.0,1.0,2009,2400
1897,DFSSA003944,4.0,1.0,2010,3931
1898,DFSSA003944,4.0,1.0,2011,2380
1899,DFSSA003944,4.0,1.0,2012,1099
1900,DFSSA003944,4.0,1.0,2013,686
1901,DFSSA003944,4.0,1.0,2014,685
1902,DFSSA003944,4.0,1.0,2015,17
1903,DFSSA003944,4.0,1.0,2016,101
1904,DFSSA003944,4.0,2.0,2009,64
1905,DFSSA003944,4.0,2.0,2010,1676
1906,DFSSA003944,4.0,2.0,2011,2331
1907,DFSSA003944,4.0,2.0,2012,2870
1908,DFSSA003944,4.0,2.0,2013,2917
1909,DFSSA003944,4.0,2.0,2014,3197
1910,DFSSA003944,4.0,2.0,2015,4528
1911,DFSSA003944,4.0,2.0,2016,5510
1912,DFSSA003944,4.0,3.0,2009,9175
1913,DFSSA003944,4.0,9.0,2009,1976
1914,DFSSA003944,5.0,1.0,2009,1
1915,DFSSA003944,5.0,3.0,2009,1
1916,DFSSA003944,5.0,9.0,2009,272
1917,DFSSA003944,6.0,1.0,2009,16
1918,DFSSA003944,6.0,3.0,2009,132
1919,DFSSA003944,6.0,9.0,2009,22
1920,DFSSA003944,7.0,1.0,2009,70
1921,DFSSA003944,7.0,2.0,2009,5
1922,DFSSA003944,7.0,3.0,2009,317
1923,DFSSA003944,7.0,9.0,2009,40
1924,DFSSA003944,9.0,1.0,2009,86
1925,DFSSA003944,9.0,1.0,2011,1
1926,DFSSA003944,9.0,1.0,2012,2
1927,DFSSA003944,9.0,2.0,2009,12
1928,DFSSA003944,9.0,2.0,2011,5
1929,DFSSA003944,9.0,2.0,2012,1
1930,DFSSA003944,9.0,3.0,2009,137
1931,DFSSA003944,9.0,9.0,2009,1510
1932,DFSSA003956,1.0,1.0,2010,9339
1933,DFSSA003956,1.0,1.0,2011,11556
1934,DFSSA003956,1.0,1.0,2013,6010
1935,DFSSA003956,1.0,1.0,2014,23527
1936,DFSSA003956,1.0,1.0,2015,24458
1937,DFSSA003956,1.0,1.0,2016,1934
1938,DFSSA003956,1.0,2.0,2010,2750
1939,DFSSA003956,1.0,2.0,2015,1
1940,DFSSA003956,1.0,2.0,2016,1
1941,DFSSA003956,2.0,1.0,2010,5
1942,DFSSA003956,2.0,1.0,2011,2
1943,DFSSA003956,2.0,1.0,2015,1
1944,DFSSA003956,2.0,2.0,2010,33
1945,DFSSA003956,2.0,2.0,2013,3
1946,DFSSA003956,9.0,1.0,2013,1
1947,DFSSA003956,9.0,2.0,2010,2
1948,DFSSA003961,1.0,1.0,2009,4331
1949,DFSSA003961,1.0,1.0,2011,1
1950,DFSSA003961,1.0,1.0,2012,19
1951,DFSSA003961,1.0,1.0,2014,9
1952,DFSSA003961,1.0,1.0,2015,4
1953,DFSSA003961,1.0,1.0,2016,21
1954,DFSSA003961,1.0,2.0,2009,9
1955,DFSSA003961,1.0,2.0,2011,1
1956,DFSSA003961,1.0,2.0,2012,12
1957,DFSSA003961,1.0,3.0,2009,8
1958,DFSSA003961,2.0,1.0,2009,4225
1959,DFSSA003961,2.0,1.0,2010,189
1960,DFSSA003961,2.0,1.0,2011,172
1961,DFSSA003961,2.0,1.0,2012,3613
1962,DFSSA003961,2.0,1.0,2013,167
1963,DFSSA003961,2.0,1.0,2014,208
1964,DFSSA003961,2.0,1.0,2015,1353
1965,DFSSA003961,2.0,1.0,2016,25220
1966,DFSSA003961,2.0,2.0,2009,5
1967,DFSSA003961,2.0,2.0,2010,17035
1968,DFSSA003961,2.0,2.0,2011,14663
1969,DFSSA003961,2.0,2.0,2012,14135
1970,DFSSA003961,2.0,2.0,2013,15961
1971,DFSSA003961,2.0,2.0,2014,18457
1972,DFSSA003961,2.0,2.0,2015,24436
1973,DFSSA003961,2.0,2.0,2016,10385
1974,DFSSA003961,2.0,3.0,2009,2
1975,DFSSA003961,3.0,1.0,2009,2472
1976,DFSSA003961,3.0,1.0,2010,11659
1977,DFSSA003961,3.0,1.0,2011,11908
1978,DFSSA003961,3.0,1.0,2012,9030
1979,DFSSA003961,3.0,1.0,2013,12579
1980,DFSSA003961,3.0,1.0,2014,14414
1981,DFSSA003961,3.0,1.0,2015,13900
1982,DFSSA003961,3.0,1.0,2016,13768
1983,DFSSA003961,3.0,2.0,2010,2
1984,DFSSA003961,3.0,2.0,2011,1
1985,DFSSA003961,3.0,2.0,2012,4
1986,DFSSA003961,3.0,2.0,2013,2
1987,DFSSA003961,3.0,2.0,2015,1
1988,DFSSA003961,3.0,2.0,2016,2
1989,DFSSA003961,4.0,1.0,2009,27184
1990,DFSSA003961,4.0,1.0,2010,20
1991,DFSSA003961,4.0,1.0,2013,2
1992,DFSSA003961,4.0,1.0,2014,4
1993,DFSSA003961,4.0,1.0,2015,721
1994,DFSSA003961,4.0,1.0,2016,1414
1995,DFSSA003961,4.0,2.0,2009,10
1996,DFSSA003961,4.0,2.0,2010,11741
1997,DFSSA003961,4.0,2.0,2011,10799
1998,DFSSA003961,4.0,2.0,2012,10980
1999,DFSSA003961,4.0,2.0,2013,11191
2000,DFSSA003961,4.0,2.0,2014,13339
2001,DFSSA003961,4.0,2.0,2015,13264
2002,DFSSA003961,4.0,2.0,2016,13776
2003,DFSSA003961,4.0,3.0,2009,5
2004,DFSSA003961,5.0,1.0,2009,183
2005,DFSSA003961,6.0,1.0,2009,24
2006,DFSSA003961,6.0,2.0,2009,1
2007,DFSSA003961,7.0,1.0,2009,105
2008,DFSSA003961,7.0,2.0,2009,1
2009,DFSSA003961,9.0,1.0,2009,3
2010,DFSSA003961,9.0,2.0,2015,1
2011,DFSSA003973,1.0,2.0,2010,123
2012,DFSSA003973,1.0,2.0,2011,539
2013,DFSSA003973,1.0,2.0,2012,271
2014,DFSSA003973,1.0,2.0,2013,15
2015,DFSSA003973,1.0,2.0,2014,1
2016,DFSSA003973,1.0,2.0,2015,1
2017,DFSSA003973,1.0,3.0,2009,15732
2018,DFSSA003973,2.0,1.0,2010,17518
2019,DFSSA003973,2.0,1.0,2011,18910
2020,DFSSA003973,2.0,1.0,2012,17759
2021,DFSSA003973,2.0,1.0,2013,18699
2022,DFSSA003973,2.0,1.0,2014,26312
2023,DFSSA003973,2.0,1.0,2015,34391
2024,DFSSA003973,2.0,1.0,2016,8447
2025,DFSSA003973,2.0,2.0,2010,23401
2026,DFSSA003973,2.0,2.0,2011,30968
2027,DFSSA003973,2.0,2.0,2012,40462
2028,DFSSA003973,2.0,2.0,2013,44335
2029,DFSSA003973,2.0,2.0,2014,29750
2030,DFSSA003973,2.0,2.0,2015,21512
2031,DFSSA003973,2.0,2.0,2016,5344
2032,DFSSA003973,2.0,3.0,2009,39996
2033,DFSSA003973,3.0,1.0,2010,5891
2034,DFSSA003973,3.0,1.0,2011,5734
2035,DFSSA003973,3.0,1.0,2012,5619
2036,DFSSA003973,3.0,1.0,2013,5358
2037,DFSSA003973,3.0,1.0,2014,4848
2038,DFSSA003973,3.0,1.0,2015,4483
2039,DFSSA003973,3.0,1.0,2016,1185
2040,DFSSA003973,3.0,2.0,2010,13453
2041,DFSSA003973,3.0,2.0,2011,10294
2042,DFSSA003973,3.0,2.0,2012,9619
2043,DFSSA003973,3.0,2.0,2013,9605
2044,DFSSA003973,3.0,2.0,2014,7911
2045,DFSSA003973,3.0,2.0,2015,8382
2046,DFSSA003973,3.0,2.0,2016,2090
2047,DFSSA003973,3.0,3.0,2009,586
2048,DFSSA003973,4.0,1.0,2010,4031
2049,DFSSA003973,4.0,1.0,2011,3664
2050,DFSSA003973,4.0,1.0,2012,2513
2051,DFSSA003973,4.0,1.0,2013,2388
2052,DFSSA003973,4.0,1.0,2014,2880
2053,DFSSA003973,4.0,1.0,2015,2170
2054,DFSSA003973,4.0,1.0,2016,528
2055,DFSSA003973,4.0,2.0,2010,2272
2056,DFSSA003973,4.0,2.0,2011,2286
2057,DFSSA003973,4.0,2.0,2012,2297
2058,DFSSA003973,4.0,2.0,2013,2499
2059,DFSSA003973,4.0,2.0,2014,2737
2060,DFSSA003973,4.0,2.0,2015,6826
2061,DFSSA003973,4.0,2.0,2016,2421
2062,DFSSA003973,4.0,3.0,2009,25321
2063,DFSSA003973,5.0,3.0,2009,507
2064,DFSSA003973,6.0,3.0,2009,39
2065,DFSSA003973,7.0,3.0,2009,70
2066,DFSSA003973,9.0,1.0,2013,1
2067,DFSSA003973,9.0,2.0,2010,5
2068,DFSSA003973,9.0,2.0,2011,1
2069,DFSSA003973,9.0,2.0,2012,2
2070,DFSSA003973,9.0,2.0,2013,5
2071,DFSSA003985,1.0,1.0,2016,13
2072,DFSSA003985,1.0,2.0,2016,79
2073,DFSSA003985,2.0,1.0,2016,427
2074,DFSSA003985,2.0,2.0,2015,8
2075,DFSSA003985,2.0,2.0,2016,1299
2076,DFSSA003985,3.0,2.0,2016,21
2077,DFSSA003985,4.0,1.0,2016,3
2078,DFSSA003985,4.0,2.0,2016,56
2079,DFSSA003985,9.0,1.0,2015,1
2080,DFSSA003985,9.0,2.0,2015,2525
2081,DFSSA003985,9.0,2.0,2016,335
2082,DFSSA003990,1.0,1.0,2014,13
2083,DFSSA003990,1.0,1.0,2015,63
2084,DFSSA003990,1.0,1.0,2016,70
2085,DFSSA003990,1.0,2.0,2014,12
2086,DFSSA003990,1.0,2.0,2015,90
2087,DFSSA003990,1.0,2.0,2016,119
2088,DFSSA003990,2.0,1.0,2014,91
2089,DFSSA003990,2.0,1.0,2015,791
2090,DFSSA003990,2.0,1.0,2016,1144
2091,DFSSA003990,2.0,2.0,2014,148
2092,DFSSA003990,2.0,2.0,2015,2130
2093,DFSSA003990,2.0,2.0,2016,2796
2094,DFSSA003990,3.0,1.0,2014,10
2095,DFSSA003990,3.0,1.0,2015,150
2096,DFSSA003990,3.0,1.0,2016,205
2097,DFSSA003990,3.0,2.0,2014,8
2098,DFSSA003990,3.0,2.0,2015,266
2099,DFSSA003990,3.0,2.0,2016,512
2100,DFSSA003990,4.0,1.0,2014,12
2101,DFSSA003990,4.0,1.0,2015,115
2102,DFSSA003990,4.0,1.0,2016,82
2103,DFSSA003990,4.0,2.0,2014,16
2104,DFSSA003990,4.0,2.0,2015,477
2105,DFSSA003990,4.0,2.0,2016,417
2106,DFSSA003990,9.0,1.0,2014,1
2107,DFSSA003990,9.0,1.0,2015,6
2108,DFSSA003990,9.0,1.0,2016,1
2109,DFSSA003990,9.0,2.0,2014,1
2110,DFSSA003990,9.0,2.0,2015,11
2111,DFSSA003990,9.0,2.0,2016,4
2112,DFSSA004002,1.0,1.0,2009,18334
2113,DFSSA004002,1.0,3.0,2009,2
2114,DFSSA004002,2.0,1.0,2009,2705
2115,DFSSA004002,2.0,1.0,2010,6
2116,DFSSA004002,2.0,1.0,2011,2
2117,DFSSA004002,2.0,1.0,2012,1
2118,DFSSA004002,2.0,1.0,2013,2
2119,DFSSA004002,2.0,1.0,2014,4
2120,DFSSA004002,2.0,1.0,2015,3
2121,DFSSA004002,2.0,1.0,2016,14
2122,DFSSA004002,2.0,2.0,2010,216
2123,DFSSA004002,2.0,2.0,2011,112
2124,DFSSA004002,2.0,2.0,2012,174
2125,DFSSA004002,2.0,2.0,2013,126
2126,DFSSA004002,2.0,2.0,2014,73
2127,DFSSA004002,2.0,2.0,2015,64
2128,DFSSA004002,2.0,2.0,2016,16
2129,DFSSA004002,3.0,1.0,2009,5010
2130,DFSSA004002,3.0,1.0,2010,3235
2131,DFSSA004002,3.0,1.0,2011,2240
2132,DFSSA004002,3.0,1.0,2012,2438
2133,DFSSA004002,3.0,1.0,2013,2351
2134,DFSSA004002,3.0,1.0,2014,2601
2135,DFSSA004002,3.0,1.0,2015,2873
2136,DFSSA004002,3.0,1.0,2016,4726
2137,DFSSA004002,3.0,2.0,2010,22642
2138,DFSSA004002,3.0,2.0,2011,17353
2139,DFSSA004002,3.0,2.0,2012,22670
2140,DFSSA004002,3.0,2.0,2013,24262
2141,DFSSA004002,3.0,2.0,2014,25555
2142,DFSSA004002,3.0,2.0,2015,25367
2143,DFSSA004002,3.0,2.0,2016,49461
2144,DFSSA004002,3.0,3.0,2009,2
2145,DFSSA004002,4.0,1.0,2009,22030
2146,DFSSA004002,4.0,1.0,2010,1
2147,DFSSA004002,4.0,2.0,2010,3
2148,DFSSA004002,4.0,2.0,2011,7
2149,DFSSA004043,9.0,9.0,2009,13545
2150,DFSSA004055,9.0,2.0,2010,662
2151,DFSSA004142,1.0,3.0,2009,591
2152,DFSSA004142,2.0,1.0,2015,1839
2153,DFSSA004142,2.0,1.0,2016,2663
2154,DFSSA004142,2.0,2.0,2015,1134
2155,DFSSA004142,2.0,2.0,2016,2376
2156,DFSSA004142,2.0,3.0,2009,1221
2157,DFSSA004142,3.0,3.0,2009,452
2158,DFSSA004142,4.0,3.0,2009,18
2159,DFSSA004142,9.0,3.0,2009,9
2160,DFSSA004154,1.0,1.0,2016,3
2161,DFSSA004154,2.0,1.0,2015,150
2162,DFSSA004154,2.0,1.0,2016,4061
2163,DFSSA004154,2.0,2.0,2015,16
2164,DFSSA004154,2.0,2.0,2016,29
2165,DFSSA004154,9.0,2.0,2016,2
2166,DFSSA004265,1.0,1.0,2009,5023
2167,DFSSA004265,1.0,1.0,2010,118
2168,DFSSA004265,1.0,1.0,2011,560
2169,DFSSA004265,1.0,1.0,2012,414
2170,DFSSA004265,1.0,1.0,2013,447
2171,DFSSA004265,1.0,1.0,2014,366
2172,DFSSA004265,1.0,1.0,2015,18
2173,DFSSA004265,1.0,1.0,2016,5
2174,DFSSA004265,1.0,2.0,2009,14
2175,DFSSA004265,1.0,2.0,2010,61
2176,DFSSA004265,1.0,2.0,2011,5
2177,DFSSA004265,1.0,2.0,2014,1
2178,DFSSA004265,1.0,2.0,2015,5
2179,DFSSA004265,1.0,2.0,2016,4
2180,DFSSA004265,1.0,3.0,2009,44
2181,DFSSA004265,1.0,9.0,2009,215
2182,DFSSA004265,2.0,1.0,2009,1248
2183,DFSSA004265,2.0,1.0,2010,2272
2184,DFSSA004265,2.0,1.0,2011,1363
2185,DFSSA004265,2.0,1.0,2012,1417
2186,DFSSA004265,2.0,1.0,2013,6531
2187,DFSSA004265,2.0,1.0,2014,6658
2188,DFSSA004265,2.0,1.0,2015,3118
2189,DFSSA004265,2.0,1.0,2016,1301
2190,DFSSA004265,2.0,2.0,2009,2
2191,DFSSA004265,2.0,2.0,2010,7677
2192,DFSSA004265,2.0,2.0,2011,8522
2193,DFSSA004265,2.0,2.0,2012,11207
2194,DFSSA004265,2.0,2.0,2013,7194
2195,DFSSA004265,2.0,2.0,2014,5092
2196,DFSSA004265,2.0,2.0,2015,3750
2197,DFSSA004265,2.0,2.0,2016,3712
2198,DFSSA004265,2.0,3.0,2009,8
2199,DFSSA004265,2.0,9.0,2009,52
2200,DFSSA004265,3.0,1.0,2009,1308
2201,DFSSA004265,3.0,1.0,2010,594
2202,DFSSA004265,3.0,1.0,2011,593
2203,DFSSA004265,3.0,1.0,2012,1573
2204,DFSSA004265,3.0,1.0,2013,870
2205,DFSSA004265,3.0,1.0,2014,1883
2206,DFSSA004265,3.0,1.0,2015,2046
2207,DFSSA004265,3.0,1.0,2016,1330
2208,DFSSA004265,3.0,2.0,2009,2
2209,DFSSA004265,3.0,2.0,2010,3501
2210,DFSSA004265,3.0,2.0,2011,2898
2211,DFSSA004265,3.0,2.0,2012,3569
2212,DFSSA004265,3.0,2.0,2013,1692
2213,DFSSA004265,3.0,2.0,2014,961
2214,DFSSA004265,3.0,2.0,2015,1902
2215,DFSSA004265,3.0,2.0,2016,3141
2216,DFSSA004265,3.0,3.0,2009,59
2217,DFSSA004265,3.0,9.0,2009,58
2218,DFSSA004265,4.0,1.0,2009,5715
2219,DFSSA004265,4.0,1.0,2015,1
2220,DFSSA004265,4.0,2.0,2009,2
2221,DFSSA004265,4.0,3.0,2009,40
2222,DFSSA004265,4.0,9.0,2009,230
2223,DFSSA004265,5.0,1.0,2009,69
2224,DFSSA004265,5.0,2.0,2009,1
2225,DFSSA004265,5.0,3.0,2009,2
2226,DFSSA004265,5.0,9.0,2009,10
2227,DFSSA004265,6.0,1.0,2009,11
2228,DFSSA004265,6.0,3.0,2009,1
2229,DFSSA004265,7.0,1.0,2009,17
2230,DFSSA004265,9.0,1.0,2009,242
2231,DFSSA004265,9.0,1.0,2011,1
2232,DFSSA004265,9.0,2.0,2009,1
2233,DFSSA004265,9.0,2.0,2010,3
2234,DFSSA004265,9.0,2.0,2015,1
2235,DFSSA004265,9.0,2.0,2016,5
2236,DFSSA004265,9.0,3.0,2009,3
2237,DFSSA004265,9.0,9.0,2009,39
2238,DFSSA017886,1.0,1.0,2009,91
2239,DFSSA017886,1.0,1.0,2010,1
2240,DFSSA017886,1.0,1.0,2011,32
2241,DFSSA017886,1.0,1.0,2012,69
2242,DFSSA017886,1.0,1.0,2014,4
2243,DFSSA017886,1.0,1.0,2015,137
2244,DFSSA017886,1.0,1.0,2016,84
2245,DFSSA017886,1.0,2.0,2009,1
2246,DFSSA017886,1.0,2.0,2011,113
2247,DFSSA017886,1.0,2.0,2012,37
2248,DFSSA017886,1.0,2.0,2014,42
2249,DFSSA017886,1.0,2.0,2015,52
2250,DFSSA017886,1.0,2.0,2016,358
2251,DFSSA017886,1.0,3.0,2009,3293
2252,DFSSA017886,2.0,1.0,2010,1355
2253,DFSSA017886,2.0,1.0,2011,1391
2254,DFSSA017886,2.0,1.0,2012,1776
2255,DFSSA017886,2.0,1.0,2013,2292
2256,DFSSA017886,2.0,1.0,2014,4987
2257,DFSSA017886,2.0,1.0,2015,4440
2258,DFSSA017886,2.0,1.0,2016,4443
2259,DFSSA017886,2.0,2.0,2010,7605
2260,DFSSA017886,2.0,2.0,2011,8104
2261,DFSSA017886,2.0,2.0,2012,21404
2262,DFSSA017886,2.0,2.0,2013,21721
2263,DFSSA017886,2.0,2.0,2014,23822
2264,DFSSA017886,2.0,2.0,2015,26136
2265,DFSSA017886,2.0,2.0,2016,28043
2266,DFSSA017886,2.0,3.0,2009,221
2267,DFSSA017886,3.0,1.0,2010,3019
2268,DFSSA017886,3.0,1.0,2011,2599
2269,DFSSA017886,3.0,1.0,2012,2470
2270,DFSSA017886,3.0,1.0,2013,1521
2271,DFSSA017886,3.0,1.0,2014,1888
2272,DFSSA017886,3.0,1.0,2015,2875
2273,DFSSA017886,3.0,1.0,2016,1452
2274,DFSSA017886,3.0,2.0,2010,9573
2275,DFSSA017886,3.0,2.0,2011,7747
2276,DFSSA017886,3.0,2.0,2012,8324
2277,DFSSA017886,3.0,2.0,2013,6132
2278,DFSSA017886,3.0,2.0,2014,6964
2279,DFSSA017886,3.0,2.0,2015,8358
2280,DFSSA017886,3.0,2.0,2016,8777
2281,DFSSA017886,3.0,3.0,2009,133
2282,DFSSA017886,3.0,9.0,2009,2
2283,DFSSA017886,4.0,1.0,2009,2
2284,DFSSA017886,4.0,2.0,2009,3
2285,DFSSA017886,4.0,3.0,2009,18266
2286,DFSSA017886,7.0,3.0,2009,4
2287,DFSSA017886,9.0,1.0,2013,1
2288,DFSSA017886,9.0,2.0,2016,2
2289,DFSSA018142,1.0,1.0,2011,112
2290,DFSSA018142,1.0,1.0,2012,591
2291,DFSSA018142,1.0,1.0,2013,182
2292,DFSSA018142,1.0,1.0,2014,214
2293,DFSSA018142,1.0,1.0,2015,170
2294,DFSSA018142,1.0,1.0,2016,235
2295,DFSSA018142,1.0,2.0,2011,55
2296,DFSSA018142,1.0,2.0,2012,262
2297,DFSSA018142,1.0,2.0,2013,102
2298,DFSSA018142,1.0,2.0,2014,351
2299,DFSSA018142,1.0,2.0,2015,256
2300,DFSSA018142,1.0,2.0,2016,471
2301,DFSSA018142,2.0,1.0,2011,191
2302,DFSSA018142,2.0,1.0,2012,879
2303,DFSSA018142,2.0,1.0,2013,453
2304,DFSSA018142,2.0,1.0,2014,632
2305,DFSSA018142,2.0,1.0,2015,610
2306,DFSSA018142,2.0,1.0,2016,505
2307,DFSSA018142,2.0,2.0,2011,407
2308,DFSSA018142,2.0,2.0,2012,2268
2309,DFSSA018142,2.0,2.0,2013,2094
2310,DFSSA018142,2.0,2.0,2014,3513
2311,DFSSA018142,2.0,2.0,2015,4679
2312,DFSSA018142,2.0,2.0,2016,4882
2313,DFSSA018142,3.0,1.0,2011,323
2314,DFSSA018142,3.0,1.0,2012,2874
2315,DFSSA018142,3.0,1.0,2013,1832
2316,DFSSA018142,3.0,1.0,2014,2635
2317,DFSSA018142,3.0,1.0,2015,2362
2318,DFSSA018142,3.0,1.0,2016,1243
2319,DFSSA018142,3.0,2.0,2011,687
2320,DFSSA018142,3.0,2.0,2012,3974
2321,DFSSA018142,3.0,2.0,2013,4692
2322,DFSSA018142,3.0,2.0,2014,5819
2323,DFSSA018142,3.0,2.0,2015,3481
2324,DFSSA018142,3.0,2.0,2016,3550
2325,DFSSA018142,4.0,1.0,2011,27
2326,DFSSA018142,4.0,1.0,2012,429
2327,DFSSA018142,4.0,1.0,2013,364
2328,DFSSA018142,4.0,1.0,2014,961
2329,DFSSA018142,4.0,1.0,2015,756
2330,DFSSA018142,4.0,1.0,2016,909
2331,DFSSA018142,4.0,2.0,2011,141
2332,DFSSA018142,4.0,2.0,2012,1748
2333,DFSSA018142,4.0,2.0,2013,1131
2334,DFSSA018142,4.0,2.0,2014,2355
2335,DFSSA018142,4.0,2.0,2015,2412
2336,DFSSA018142,4.0,2.0,2016,2623
2337,DFSSA018142,9.0,1.0,2012,1
2338,DFSSA018142,9.0,2.0,2012,2
2339,DFSSA018154,1.0,1.0,2011,305
2340,DFSSA018154,1.0,1.0,2012,390
2341,DFSSA018154,1.0,1.0,2013,1073
2342,DFSSA018154,1.0,1.0,2014,947
2343,DFSSA018154,1.0,1.0,2015,531
2344,DFSSA018154,1.0,1.0,2016,423
2345,DFSSA018154,1.0,2.0,2011,308
2346,DFSSA018154,1.0,2.0,2012,109
2347,DFSSA018154,1.0,2.0,2013,856
2348,DFSSA018154,1.0,2.0,2014,481
2349,DFSSA018154,1.0,2.0,2015,332
2350,DFSSA018154,1.0,2.0,2016,379
2351,DFSSA018154,2.0,1.0,2011,2180
2352,DFSSA018154,2.0,1.0,2012,1886
2353,DFSSA018154,2.0,1.0,2013,4863
2354,DFSSA018154,2.0,1.0,2014,5678
2355,DFSSA018154,2.0,1.0,2015,3274
2356,DFSSA018154,2.0,1.0,2016,2581
2357,DFSSA018154,2.0,2.0,2011,6726
2358,DFSSA018154,2.0,2.0,2012,13506
2359,DFSSA018154,2.0,2.0,2013,16323
2360,DFSSA018154,2.0,2.0,2014,20025
2361,DFSSA018154,2.0,2.0,2015,23351
2362,DFSSA018154,2.0,2.0,2016,25497
2363,DFSSA018154,3.0,1.0,2011,2405
2364,DFSSA018154,3.0,1.0,2012,2799
2365,DFSSA018154,3.0,1.0,2013,4245
2366,DFSSA018154,3.0,1.0,2014,3676
2367,DFSSA018154,3.0,1.0,2015,2819
2368,DFSSA018154,3.0,1.0,2016,1728
2369,DFSSA018154,3.0,2.0,2011,3405
2370,DFSSA018154,3.0,2.0,2012,8126
2371,DFSSA018154,3.0,2.0,2013,8963
2372,DFSSA018154,3.0,2.0,2014,11006
2373,DFSSA018154,3.0,2.0,2015,9438
2374,DFSSA018154,3.0,2.0,2016,12066
2375,DFSSA018154,4.0,1.0,2011,2164
2376,DFSSA018154,4.0,1.0,2012,5137
2377,DFSSA018154,4.0,1.0,2013,3977
2378,DFSSA018154,4.0,1.0,2014,5155
2379,DFSSA018154,4.0,1.0,2015,4563
2380,DFSSA018154,4.0,1.0,2016,5282
2381,DFSSA018154,4.0,2.0,2011,2778
2382,DFSSA018154,4.0,2.0,2012,3816
2383,DFSSA018154,4.0,2.0,2013,1513
2384,DFSSA018154,4.0,2.0,2014,1589
2385,DFSSA018154,4.0,2.0,2015,4237
2386,DFSSA018154,4.0,2.0,2016,6595
2387,DFSSA018154,9.0,1.0,2011,1
2388,DFSSA018154,9.0,1.0,2014,1
2389,DFSSA018154,9.0,2.0,2011,1
2390,DFSSA018166,1.0,1.0,2011,356
2391,DFSSA018166,1.0,1.0,2012,861
2392,DFSSA018166,1.0,1.0,2013,211
2393,DFSSA018166,1.0,1.0,2014,60
2394,DFSSA018166,1.0,1.0,2015,48
2395,DFSSA018166,1.0,1.0,2016,6
2396,DFSSA018166,1.0,2.0,2011,421
2397,DFSSA018166,1.0,2.0,2012,3239
2398,DFSSA018166,1.0,2.0,2013,3725
2399,DFSSA018166,1.0,2.0,2014,2360
2400,DFSSA018166,1.0,2.0,2015,2202
2401,DFSSA018166,1.0,2.0,2016,4350
2402,DFSSA018166,2.0,1.0,2011,1245
2403,DFSSA018166,2.0,1.0,2012,2965
2404,DFSSA018166,2.0,1.0,2013,1308
2405,DFSSA018166,2.0,1.0,2014,486
2406,DFSSA018166,2.0,1.0,2015,181
2407,DFSSA018166,2.0,1.0,2016,53
2408,DFSSA018166,2.0,2.0,2011,5130
2409,DFSSA018166,2.0,2.0,2012,16258
2410,DFSSA018166,2.0,2.0,2013,15684
2411,DFSSA018166,2.0,2.0,2014,14843
2412,DFSSA018166,2.0,2.0,2015,14261
2413,DFSSA018166,2.0,2.0,2016,7997
2414,DFSSA018166,3.0,1.0,2011,1486
2415,DFSSA018166,3.0,1.0,2012,1690
2416,DFSSA018166,3.0,1.0,2013,2271
2417,DFSSA018166,3.0,1.0,2014,2840
2418,DFSSA018166,3.0,1.0,2015,2693
2419,DFSSA018166,3.0,1.0,2016,1262
2420,DFSSA018166,3.0,2.0,2011,1746
2421,DFSSA018166,3.0,2.0,2012,15548
2422,DFSSA018166,3.0,2.0,2013,15058
2423,DFSSA018166,3.0,2.0,2014,15878
2424,DFSSA018166,3.0,2.0,2015,13491
2425,DFSSA018166,3.0,2.0,2016,13347
2426,DFSSA018166,4.0,1.0,2011,589
2427,DFSSA018166,4.0,1.0,2012,1187
2428,DFSSA018166,4.0,1.0,2013,423
2429,DFSSA018166,4.0,1.0,2014,118
2430,DFSSA018166,4.0,1.0,2015,51
2431,DFSSA018166,4.0,1.0,2016,31
2432,DFSSA018166,4.0,2.0,2011,1745
2433,DFSSA018166,4.0,2.0,2012,5445
2434,DFSSA018166,4.0,2.0,2013,5463
2435,DFSSA018166,4.0,2.0,2014,5243
2436,DFSSA018166,4.0,2.0,2015,4814
2437,DFSSA018166,4.0,2.0,2016,3985
2438,DFSSA018166,9.0,1.0,2012,11
2439,DFSSA018166,9.0,2.0,2011,5
2440,DFSSA018166,9.0,2.0,2012,150
2441,DFSSA018760,2.0,1.0,2012,17
2442,DFSSA018760,2.0,1.0,2013,35
2443,DFSSA018760,2.0,1.0,2014,9
2444,DFSSA018760,2.0,1.0,2015,32
2445,DFSSA018760,2.0,1.0,2016,48
2446,DFSSA018760,2.0,2.0,2012,152
2447,DFSSA018760,2.0,2.0,2013,825
2448,DFSSA018760,2.0,2.0,2014,165
2449,DFSSA018760,2.0,2.0,2015,240
2450,DFSSA018760,2.0,2.0,2016,228
2451,DFSSA018760,3.0,1.0,2012,4
2452,DFSSA018760,3.0,1.0,2013,2
2453,DFSSA018760,3.0,1.0,2014,2
2454,DFSSA018760,3.0,1.0,2015,1
2455,DFSSA018760,3.0,1.0,2016,2
2456,DFSSA018760,3.0,2.0,2012,1
2457,DFSSA018760,3.0,2.0,2013,9
2458,DFSSA018760,3.0,2.0,2014,2
2459,DFSSA018760,3.0,2.0,2015,2
2460,DFSSA018760,3.0,2.0,2016,2
2461,DFSSA018760,4.0,1.0,2012,1
2462,DFSSA018760,4.0,2.0,2012,1
